database_label,provider,product,product_specification_id,source_document_id,evidence_id,source_url,source_document_hash,evidence_snapshot_record_id,evidence_content_hash,field_code,raw_value_excerpt,snapshot_record_exists,manifest_exists,raw_path_exists,chain_status
week3_huawei_acceptance,huawei_cloud,ecs,30,3,66,https://support.huaweicloud.com/productdesc-ecs/ecs_01_0024.html,7bf94d0ca1217960b53103667e716ed4415124b0220339c389ef0471af860bf9,3,7bf94d0ca1217960b53103667e716ed4415124b0220339c389ef0471af860bf9,compute.vcpu_count,1,True,True,True,PASS
week3_huawei_acceptance,huawei_cloud,ecs,31,3,67,https://support.huaweicloud.com/productdesc-ecs/ecs_01_0024.html,7bf94d0ca1217960b53103667e716ed4415124b0220339c389ef0471af860bf9,3,7bf94d0ca1217960b53103667e716ed4415124b0220339c389ef0471af860bf9,compute.memory_gib,1,True,True,True,PASS
week3_huawei_acceptance,huawei_cloud,ecs,32,3,68,https://support.huaweicloud.com/productdesc-ecs/ecs_01_0024.html,7bf94d0ca1217960b53103667e716ed4415124b0220339c389ef0471af860bf9,3,7bf94d0ca1217960b53103667e716ed4415124b0220339c389ef0471af860bf9,network.max_bandwidth_gbps,0.3/0.05,True,True,True,PASS
week3_huawei_acceptance,huawei_cloud,ecs,33,3,69,https://support.huaweicloud.com/productdesc-ecs/ecs_01_0024.html,7bf94d0ca1217960b53103667e716ed4415124b0220339c389ef0471af860bf9,3,7bf94d0ca1217960b53103667e716ed4415124b0220339c389ef0471af860bf9,network.max_pps,6,True,True,True,PASS
week3_huawei_acceptance,huawei_cloud,ecs,34,3,70,https://support.huaweicloud.com/productdesc-ecs/ecs_01_0024.html,7bf94d0ca1217960b53103667e716ed4415124b0220339c389ef0471af860bf9,3,7bf94d0ca1217960b53103667e716ed4415124b0220339c389ef0471af860bf9,system.virtualization_type,KVM,True,True,True,PASS
week3_huawei_acceptance,huawei_cloud,obs,1,10,4,https://support.huaweicloud.com/productdesc-obs/zh-cn_topic_0045829060.html,ea2b6f28fd406735d6d8c33d3a609e76a16b3c3682b86f05ae620c49b3358ff4,10,ea2b6f28fd406735d6d8c33d3a609e76a16b3c3682b86f05ae620c49b3358ff4,object_storage.minimum_storage_duration_days,30天,True,True,True,PASS
week3_huawei_acceptance,huawei_cloud,obs,2,10,5,https://support.huaweicloud.com/productdesc-obs/zh-cn_topic_0045829060.html,ea2b6f28fd406735d6d8c33d3a609e76a16b3c3682b86f05ae620c49b3358ff4,10,ea2b6f28fd406735d6d8c33d3a609e76a16b3c3682b86f05ae620c49b3358ff4,object_storage.retrieval_time_description,实时访问,True,True,True,PASS
week3_huawei_acceptance,huawei_cloud,obs,3,10,6,https://support.huaweicloud.com/productdesc-obs/zh-cn_topic_0045829060.html,ea2b6f28fd406735d6d8c33d3a609e76a16b3c3682b86f05ae620c49b3358ff4,10,ea2b6f28fd406735d6d8c33d3a609e76a16b3c3682b86f05ae620c49b3358ff4,object_storage.durability_percentage,99.999999999%,True,True,True,PASS
week3_huawei_acceptance,huawei_cloud,obs,4,10,7,https://support.huaweicloud.com/productdesc-obs/zh-cn_topic_0045829060.html,ea2b6f28fd406735d6d8c33d3a609e76a16b3c3682b86f05ae620c49b3358ff4,10,ea2b6f28fd406735d6d8c33d3a609e76a16b3c3682b86f05ae620c49b3358ff4,object_storage.availability_percentage,99.99%,True,True,True,PASS
week3_huawei_acceptance,huawei_cloud,obs,5,10,10,https://support.huaweicloud.com/productdesc-obs/zh-cn_topic_0045829060.html,ea2b6f28fd406735d6d8c33d3a609e76a16b3c3682b86f05ae620c49b3358ff4,10,ea2b6f28fd406735d6d8c33d3a609e76a16b3c3682b86f05ae620c49b3358ff4,object_storage.durability_percentage,99.999999999%,True,True,True,PASS
week4_aws_acceptance,aws,ec2,1,1,5,https://docs.aws.amazon.com/ec2/latest/instancetypes/co.html,1da1c475c2b6ae1abe4ca6550b8e8b90c06dcd0fabc45cb825619aec4d713bd6,1,1da1c475c2b6ae1abe4ca6550b8e8b90c06dcd0fabc45cb825619aec4d713bd6,compute.vcpu_count,2,True,True,True,PASS
week4_aws_acceptance,aws,ec2,2,1,6,https://docs.aws.amazon.com/ec2/latest/instancetypes/co.html,1da1c475c2b6ae1abe4ca6550b8e8b90c06dcd0fabc45cb825619aec4d713bd6,1,1da1c475c2b6ae1abe4ca6550b8e8b90c06dcd0fabc45cb825619aec4d713bd6,compute.memory_gib,✗ No,True,True,True,PASS
week4_aws_acceptance,aws,ec2,3,1,7,https://docs.aws.amazon.com/ec2/latest/instancetypes/co.html,1da1c475c2b6ae1abe4ca6550b8e8b90c06dcd0fabc45cb825619aec4d713bd6,1,1da1c475c2b6ae1abe4ca6550b8e8b90c06dcd0fabc45cb825619aec4d713bd6,compute.processor_model,Intel Xeon Platinum 8124M,True,True,True,PASS
week4_aws_acceptance,aws,ec2,4,1,8,https://docs.aws.amazon.com/ec2/latest/instancetypes/co.html,1da1c475c2b6ae1abe4ca6550b8e8b90c06dcd0fabc45cb825619aec4d713bd6,1,1da1c475c2b6ae1abe4ca6550b8e8b90c06dcd0fabc45cb825619aec4d713bd6,compute.processor_vendor,Intel,True,True,True,PASS
week4_aws_acceptance,aws,ec2,5,1,9,https://docs.aws.amazon.com/ec2/latest/instancetypes/co.html,1da1c475c2b6ae1abe4ca6550b8e8b90c06dcd0fabc45cb825619aec4d713bd6,1,1da1c475c2b6ae1abe4ca6550b8e8b90c06dcd0fabc45cb825619aec4d713bd6,compute.cpu_architecture,Intel Xeon Platinum 8124M,True,True,True,PASS
week4_aws_acceptance,aws,s3,3857,10,5015,https://docs.aws.amazon.com/AmazonS3/latest/userguide/UsingKMSEncryption.html,ca5a878569a269169a23800d6b77f62b0ffd5ef9e414e9f570adc84764cdc60b,10,ca5a878569a269169a23800d6b77f62b0ffd5ef9e414e9f570adc84764cdc60b,object_storage.server_side_encryption_supported,supported,True,True,True,PASS
week4_aws_acceptance,aws,s3,3858,10,5016,https://docs.aws.amazon.com/AmazonS3/latest/userguide/UsingKMSEncryption.html,ca5a878569a269169a23800d6b77f62b0ffd5ef9e414e9f570adc84764cdc60b,10,ca5a878569a269169a23800d6b77f62b0ffd5ef9e414e9f570adc84764cdc60b,object_storage.customer_managed_key_supported,supported,True,True,True,PASS
week4_aws_acceptance,aws,s3,3859,11,5019,https://docs.aws.amazon.com/AmazonS3/latest/userguide/EventNotifications.html,80d432ad319063522e9d1e9fcde6af0deb479f5bbe586753c0bd69e99fc821d8,11,80d432ad319063522e9d1e9fcde6af0deb479f5bbe586753c0bd69e99fc821d8,object_storage.event_notification_supported,supported,True,True,True,PASS
week4_aws_acceptance,aws,s3,3860,12,5022,https://docs.aws.amazon.com/AmazonS3/latest/userguide/object-lifecycle-mgmt.html,a2b47f7e7d97c35983f12a5e78bdcfeb088553c750ab4bb25262067d835f5018,12,a2b47f7e7d97c35983f12a5e78bdcfeb088553c750ab4bb25262067d835f5018,object_storage.lifecycle_management_supported,supported,True,True,True,PASS
week4_aws_acceptance,aws,s3,3861,13,5025,https://docs.aws.amazon.com/AmazonS3/latest/userguide/mpuoverview.html,b2e2e6f8a6930c59cd08b7b3f910db9b3be1538a2823a0d88100be0e848447f4,13,b2e2e6f8a6930c59cd08b7b3f910db9b3be1538a2823a0d88100be0e848447f4,object_storage.multipart_upload_supported,supported,True,True,True,PASS
week5_aliyun_acceptance_v2,aliyun,ecs,1,4,21,https://help.aliyun.com/zh/ecs/user-guide/overview-of-instance-families,c66d579af8c5f0ba68b95e357632f2bb1a0c25b19f65bcf5c38cb609309f9994,4,c66d579af8c5f0ba68b95e357632f2bb1a0c25b19f65bcf5c38cb609309f9994,compute.vcpu_count,2,True,True,True,PASS
week5_aliyun_acceptance_v2,aliyun,ecs,2,4,22,https://help.aliyun.com/zh/ecs/user-guide/overview-of-instance-families,c66d579af8c5f0ba68b95e357632f2bb1a0c25b19f65bcf5c38cb609309f9994,4,c66d579af8c5f0ba68b95e357632f2bb1a0c25b19f65bcf5c38cb609309f9994,compute.memory_gib,8,True,True,True,PASS
week5_aliyun_acceptance_v2,aliyun,ecs,3,4,23,https://help.aliyun.com/zh/ecs/user-guide/overview-of-instance-families,c66d579af8c5f0ba68b95e357632f2bb1a0c25b19f65bcf5c38cb609309f9994,4,c66d579af8c5f0ba68b95e357632f2bb1a0c25b19f65bcf5c38cb609309f9994,network.max_bandwidth_gbps,2.5/最高 25,True,True,True,PASS
week5_aliyun_acceptance_v2,aliyun,ecs,4,4,24,https://help.aliyun.com/zh/ecs/user-guide/overview-of-instance-families,c66d579af8c5f0ba68b95e357632f2bb1a0c25b19f65bcf5c38cb609309f9994,4,c66d579af8c5f0ba68b95e357632f2bb1a0c25b19f65bcf5c38cb609309f9994,network.max_pps,最高 150 万,True,True,True,PASS
week5_aliyun_acceptance_v2,aliyun,ecs,5,4,25,https://help.aliyun.com/zh/ecs/user-guide/overview-of-instance-families,c66d579af8c5f0ba68b95e357632f2bb1a0c25b19f65bcf5c38cb609309f9994,4,c66d579af8c5f0ba68b95e357632f2bb1a0c25b19f65bcf5c38cb609309f9994,network.max_connections,最高 50 万,True,True,True,PASS
week5_aliyun_acceptance_v2,aliyun,oss,6282,10,7894,https://help.aliyun.com/zh/oss/user-guide/access-and-network-overview,00341060daa33a05343617e560ed226fd1779f1476e98949190b809c0780d934,10,00341060daa33a05343617e560ed226fd1779f1476e98949190b809c0780d934,object_storage.transfer_acceleration_supported,支持,True,True,True,PASS
week5_aliyun_acceptance_v2,aliyun,oss,6283,10,7895,https://help.aliyun.com/zh/oss/user-guide/access-and-network-overview,00341060daa33a05343617e560ed226fd1779f1476e98949190b809c0780d934,10,00341060daa33a05343617e560ed226fd1779f1476e98949190b809c0780d934,object_storage.dual_stack_endpoint_supported,支持,True,True,True,PASS
week5_aliyun_acceptance_v2,aliyun,oss,6284,12,7903,https://help.aliyun.com/zh/oss/user-guide/data-encryption/,f1e34dd3ff64b70201c2ed32d30a64bf3600b54f267f82abbf50026bba8f1e95,12,f1e34dd3ff64b70201c2ed32d30a64bf3600b54f267f82abbf50026bba8f1e95,object_storage.server_side_encryption_supported,支持,True,True,True,PASS
week5_aliyun_acceptance_v2,aliyun,oss,6285,13,7906,https://help.aliyun.com/zh/oss/user-guide/overview-54/,a3127e239c48711712317ed1190b3e908306fc9f143a84d03288f5b65d02fad3,13,a3127e239c48711712317ed1190b3e908306fc9f143a84d03288f5b65d02fad3,object_storage.lifecycle_management_supported,支持,True,True,True,PASS
week5_aliyun_acceptance_v2,aliyun,oss,6286,14,7910,https://help.aliyun.com/zh/oss/user-guide/oss-overview,226398b004d1ef737c25b7cc2da71cbc30e8ea86e42401d19685e9e1e4198ad6,14,226398b004d1ef737c25b7cc2da71cbc30e8ea86e42401d19685e9e1e4198ad6,object_storage.minimum_storage_duration_days,最低存储时间（30 天,True,True,True,PASS
week6_combined_projection,aliyun,ecs,4102,47,6095,https://help.aliyun.com/zh/ecs/user-guide/overview-of-instance-families,c66d579af8c5f0ba68b95e357632f2bb1a0c25b19f65bcf5c38cb609309f9994,,c66d579af8c5f0ba68b95e357632f2bb1a0c25b19f65bcf5c38cb609309f9994,compute.vcpu_count,2,False,False,,FAIL_NO_SNAPSHOT_LINK
week6_combined_projection,aliyun,ecs,4103,47,6096,https://help.aliyun.com/zh/ecs/user-guide/overview-of-instance-families,c66d579af8c5f0ba68b95e357632f2bb1a0c25b19f65bcf5c38cb609309f9994,,c66d579af8c5f0ba68b95e357632f2bb1a0c25b19f65bcf5c38cb609309f9994,compute.memory_gib,8,False,False,,FAIL_NO_SNAPSHOT_LINK
week6_combined_projection,aliyun,ecs,4104,47,6097,https://help.aliyun.com/zh/ecs/user-guide/overview-of-instance-families,c66d579af8c5f0ba68b95e357632f2bb1a0c25b19f65bcf5c38cb609309f9994,,c66d579af8c5f0ba68b95e357632f2bb1a0c25b19f65bcf5c38cb609309f9994,network.max_bandwidth_gbps,2.5/最高 25,False,False,,FAIL_NO_SNAPSHOT_LINK
week6_combined_projection,aliyun,ecs,4105,47,6098,https://help.aliyun.com/zh/ecs/user-guide/overview-of-instance-families,c66d579af8c5f0ba68b95e357632f2bb1a0c25b19f65bcf5c38cb609309f9994,,c66d579af8c5f0ba68b95e357632f2bb1a0c25b19f65bcf5c38cb609309f9994,network.max_pps,最高 150 万,False,False,,FAIL_NO_SNAPSHOT_LINK
week6_combined_projection,aliyun,ecs,4106,47,6099,https://help.aliyun.com/zh/ecs/user-guide/overview-of-instance-families,c66d579af8c5f0ba68b95e357632f2bb1a0c25b19f65bcf5c38cb609309f9994,,c66d579af8c5f0ba68b95e357632f2bb1a0c25b19f65bcf5c38cb609309f9994,network.max_connections,最高 50 万,False,False,,FAIL_NO_SNAPSHOT_LINK
week6_combined_projection,aliyun,oss,10383,53,13968,https://help.aliyun.com/zh/oss/user-guide/access-and-network-overview,00341060daa33a05343617e560ed226fd1779f1476e98949190b809c0780d934,,00341060daa33a05343617e560ed226fd1779f1476e98949190b809c0780d934,object_storage.transfer_acceleration_supported,支持,False,False,,FAIL_NO_SNAPSHOT_LINK
week6_combined_projection,aliyun,oss,10384,53,13969,https://help.aliyun.com/zh/oss/user-guide/access-and-network-overview,00341060daa33a05343617e560ed226fd1779f1476e98949190b809c0780d934,,00341060daa33a05343617e560ed226fd1779f1476e98949190b809c0780d934,object_storage.dual_stack_endpoint_supported,支持,False,False,,FAIL_NO_SNAPSHOT_LINK
week6_combined_projection,aliyun,oss,10385,55,13977,https://help.aliyun.com/zh/oss/user-guide/data-encryption/,f1e34dd3ff64b70201c2ed32d30a64bf3600b54f267f82abbf50026bba8f1e95,,f1e34dd3ff64b70201c2ed32d30a64bf3600b54f267f82abbf50026bba8f1e95,object_storage.server_side_encryption_supported,支持,False,False,,FAIL_NO_SNAPSHOT_LINK
week6_combined_projection,aliyun,oss,10386,56,13980,https://help.aliyun.com/zh/oss/user-guide/overview-54/,a3127e239c48711712317ed1190b3e908306fc9f143a84d03288f5b65d02fad3,,a3127e239c48711712317ed1190b3e908306fc9f143a84d03288f5b65d02fad3,object_storage.lifecycle_management_supported,支持,False,False,,FAIL_NO_SNAPSHOT_LINK
week6_combined_projection,aliyun,oss,10387,57,13984,https://help.aliyun.com/zh/oss/user-guide/oss-overview,226398b004d1ef737c25b7cc2da71cbc30e8ea86e42401d19685e9e1e4198ad6,,226398b004d1ef737c25b7cc2da71cbc30e8ea86e42401d19685e9e1e4198ad6,object_storage.minimum_storage_duration_days,最低存储时间（30 天,False,False,,FAIL_NO_SNAPSHOT_LINK
week6_combined_projection,aws,ec2,229,22,356,https://docs.aws.amazon.com/ec2/latest/instancetypes/co.html,1da1c475c2b6ae1abe4ca6550b8e8b90c06dcd0fabc45cb825619aec4d713bd6,,1da1c475c2b6ae1abe4ca6550b8e8b90c06dcd0fabc45cb825619aec4d713bd6,compute.vcpu_count,2,False,False,,FAIL_NO_SNAPSHOT_LINK
week6_combined_projection,aws,ec2,230,22,357,https://docs.aws.amazon.com/ec2/latest/instancetypes/co.html,1da1c475c2b6ae1abe4ca6550b8e8b90c06dcd0fabc45cb825619aec4d713bd6,,1da1c475c2b6ae1abe4ca6550b8e8b90c06dcd0fabc45cb825619aec4d713bd6,compute.memory_gib,✗ No,False,False,,FAIL_NO_SNAPSHOT_LINK
week6_combined_projection,aws,ec2,231,22,358,https://docs.aws.amazon.com/ec2/latest/instancetypes/co.html,1da1c475c2b6ae1abe4ca6550b8e8b90c06dcd0fabc45cb825619aec4d713bd6,,1da1c475c2b6ae1abe4ca6550b8e8b90c06dcd0fabc45cb825619aec4d713bd6,compute.processor_model,Intel Xeon Platinum 8124M,False,False,,FAIL_NO_SNAPSHOT_LINK
week6_combined_projection,aws,ec2,232,22,359,https://docs.aws.amazon.com/ec2/latest/instancetypes/co.html,1da1c475c2b6ae1abe4ca6550b8e8b90c06dcd0fabc45cb825619aec4d713bd6,,1da1c475c2b6ae1abe4ca6550b8e8b90c06dcd0fabc45cb825619aec4d713bd6,compute.processor_vendor,Intel,False,False,,FAIL_NO_SNAPSHOT_LINK
week6_combined_projection,aws,ec2,233,22,360,https://docs.aws.amazon.com/ec2/latest/instancetypes/co.html,1da1c475c2b6ae1abe4ca6550b8e8b90c06dcd0fabc45cb825619aec4d713bd6,,1da1c475c2b6ae1abe4ca6550b8e8b90c06dcd0fabc45cb825619aec4d713bd6,compute.cpu_architecture,Intel Xeon Platinum 8124M,False,False,,FAIL_NO_SNAPSHOT_LINK
week6_combined_projection,aws,s3,4085,31,5366,https://docs.aws.amazon.com/AmazonS3/latest/userguide/UsingKMSEncryption.html,ca5a878569a269169a23800d6b77f62b0ffd5ef9e414e9f570adc84764cdc60b,,ca5a878569a269169a23800d6b77f62b0ffd5ef9e414e9f570adc84764cdc60b,object_storage.server_side_encryption_supported,supported,False,False,,FAIL_NO_SNAPSHOT_LINK
week6_combined_projection,aws,s3,4086,31,5367,https://docs.aws.amazon.com/AmazonS3/latest/userguide/UsingKMSEncryption.html,ca5a878569a269169a23800d6b77f62b0ffd5ef9e414e9f570adc84764cdc60b,,ca5a878569a269169a23800d6b77f62b0ffd5ef9e414e9f570adc84764cdc60b,object_storage.customer_managed_key_supported,supported,False,False,,FAIL_NO_SNAPSHOT_LINK
week6_combined_projection,aws,s3,4087,32,5370,https://docs.aws.amazon.com/AmazonS3/latest/userguide/EventNotifications.html,80d432ad319063522e9d1e9fcde6af0deb479f5bbe586753c0bd69e99fc821d8,,80d432ad319063522e9d1e9fcde6af0deb479f5bbe586753c0bd69e99fc821d8,object_storage.event_notification_supported,supported,False,False,,FAIL_NO_SNAPSHOT_LINK
week6_combined_projection,aws,s3,4088,33,5373,https://docs.aws.amazon.com/AmazonS3/latest/userguide/object-lifecycle-mgmt.html,a2b47f7e7d97c35983f12a5e78bdcfeb088553c750ab4bb25262067d835f5018,,a2b47f7e7d97c35983f12a5e78bdcfeb088553c750ab4bb25262067d835f5018,object_storage.lifecycle_management_supported,supported,False,False,,FAIL_NO_SNAPSHOT_LINK
week6_combined_projection,aws,s3,4089,34,5376,https://docs.aws.amazon.com/AmazonS3/latest/userguide/mpuoverview.html,b2e2e6f8a6930c59cd08b7b3f910db9b3be1538a2823a0d88100be0e848447f4,,b2e2e6f8a6930c59cd08b7b3f910db9b3be1538a2823a0d88100be0e848447f4,object_storage.multipart_upload_supported,supported,False,False,,FAIL_NO_SNAPSHOT_LINK
week6_combined_projection,huawei_cloud,ecs,30,3,66,https://support.huaweicloud.com/productdesc-ecs/ecs_01_0024.html,7bf94d0ca1217960b53103667e716ed4415124b0220339c389ef0471af860bf9,,7bf94d0ca1217960b53103667e716ed4415124b0220339c389ef0471af860bf9,compute.vcpu_count,1,False,False,,FAIL_NO_SNAPSHOT_LINK
week6_combined_projection,huawei_cloud,ecs,31,3,67,https://support.huaweicloud.com/productdesc-ecs/ecs_01_0024.html,7bf94d0ca1217960b53103667e716ed4415124b0220339c389ef0471af860bf9,,7bf94d0ca1217960b53103667e716ed4415124b0220339c389ef0471af860bf9,compute.memory_gib,1,False,False,,FAIL_NO_SNAPSHOT_LINK
week6_combined_projection,huawei_cloud,ecs,32,3,68,https://support.huaweicloud.com/productdesc-ecs/ecs_01_0024.html,7bf94d0ca1217960b53103667e716ed4415124b0220339c389ef0471af860bf9,,7bf94d0ca1217960b53103667e716ed4415124b0220339c389ef0471af860bf9,network.max_bandwidth_gbps,0.3/0.05,False,False,,FAIL_NO_SNAPSHOT_LINK
week6_combined_projection,huawei_cloud,ecs,33,3,69,https://support.huaweicloud.com/productdesc-ecs/ecs_01_0024.html,7bf94d0ca1217960b53103667e716ed4415124b0220339c389ef0471af860bf9,,7bf94d0ca1217960b53103667e716ed4415124b0220339c389ef0471af860bf9,network.max_pps,6,False,False,,FAIL_NO_SNAPSHOT_LINK
week6_combined_projection,huawei_cloud,ecs,34,3,70,https://support.huaweicloud.com/productdesc-ecs/ecs_01_0024.html,7bf94d0ca1217960b53103667e716ed4415124b0220339c389ef0471af860bf9,,7bf94d0ca1217960b53103667e716ed4415124b0220339c389ef0471af860bf9,system.virtualization_type,KVM,False,False,,FAIL_NO_SNAPSHOT_LINK
week6_combined_projection,huawei_cloud,obs,1,10,4,https://support.huaweicloud.com/productdesc-obs/zh-cn_topic_0045829060.html,ea2b6f28fd406735d6d8c33d3a609e76a16b3c3682b86f05ae620c49b3358ff4,,ea2b6f28fd406735d6d8c33d3a609e76a16b3c3682b86f05ae620c49b3358ff4,object_storage.minimum_storage_duration_days,30天,False,False,,FAIL_NO_SNAPSHOT_LINK
week6_combined_projection,huawei_cloud,obs,2,10,5,https://support.huaweicloud.com/productdesc-obs/zh-cn_topic_0045829060.html,ea2b6f28fd406735d6d8c33d3a609e76a16b3c3682b86f05ae620c49b3358ff4,,ea2b6f28fd406735d6d8c33d3a609e76a16b3c3682b86f05ae620c49b3358ff4,object_storage.retrieval_time_description,实时访问,False,False,,FAIL_NO_SNAPSHOT_LINK
week6_combined_projection,huawei_cloud,obs,3,10,6,https://support.huaweicloud.com/productdesc-obs/zh-cn_topic_0045829060.html,ea2b6f28fd406735d6d8c33d3a609e76a16b3c3682b86f05ae620c49b3358ff4,,ea2b6f28fd406735d6d8c33d3a609e76a16b3c3682b86f05ae620c49b3358ff4,object_storage.durability_percentage,99.999999999%,False,False,,FAIL_NO_SNAPSHOT_LINK
week6_combined_projection,huawei_cloud,obs,4,10,7,https://support.huaweicloud.com/productdesc-obs/zh-cn_topic_0045829060.html,ea2b6f28fd406735d6d8c33d3a609e76a16b3c3682b86f05ae620c49b3358ff4,,ea2b6f28fd406735d6d8c33d3a609e76a16b3c3682b86f05ae620c49b3358ff4,object_storage.availability_percentage,99.99%,False,False,,FAIL_NO_SNAPSHOT_LINK
week6_combined_projection,huawei_cloud,obs,5,10,10,https://support.huaweicloud.com/productdesc-obs/zh-cn_topic_0045829060.html,ea2b6f28fd406735d6d8c33d3a609e76a16b3c3682b86f05ae620c49b3358ff4,,ea2b6f28fd406735d6d8c33d3a609e76a16b3c3682b86f05ae620c49b3358ff4,object_storage.durability_percentage,99.999999999%,False,False,,FAIL_NO_SNAPSHOT_LINK
