canonical_field_code,canonical_name,domain,data_type,canonical_unit,legacy_field_code,value_qualifier,scope_type,provider_products,notes
object_storage.billing.minimum_billable_object_size_kib,Minimum billable object size,object_storage,numeric,KiB,object_storage.minimum_billable_object_size_kib,minimum,service_tier,"aws/s3, aliyun/oss",
object_storage.billing.minimum_storage_duration_days,Minimum storage duration,object_storage,numeric,day,object_storage.minimum_storage_duration_days,minimum,service_tier,"huawei_cloud/obs, aws/s3, aliyun/oss",
object_storage.capability.lifecycle_management_supported,Lifecycle management supported,object_storage,boolean,,object_storage.lifecycle_management_supported,supported,service_tier,"huawei_cloud/obs, aws/s3, aliyun/oss",
object_storage.capability.multipart_upload_supported,Multipart upload supported,object_storage,boolean,,object_storage.multipart_upload_supported,supported,service_tier,"huawei_cloud/obs, aws/s3, aliyun/oss",
object_storage.capability.versioning_supported,Versioning supported,object_storage,boolean,,object_storage.versioning_supported,supported,service_tier,"huawei_cloud/obs, aws/s3, aliyun/oss",
object_storage.data_protection.cross_region_replication_supported,Cross-region replication supported,object_storage,boolean,,object_storage.cross_region_replication_supported,supported,service_tier,"huawei_cloud/obs, aws/s3, aliyun/oss",
object_storage.data_protection.object_lock_supported,Object lock supported,object_storage,boolean,,object_storage.object_lock_supported,supported,service_tier,"huawei_cloud/obs, aws/s3, aliyun/oss",
object_storage.endpoint.dual_stack_supported,Dual-stack endpoint supported,object_storage,boolean,,object_storage.dual_stack_endpoint_supported,supported,service_tier,aliyun/oss,
object_storage.integration.event_notification_supported,Event notification supported,object_storage,boolean,,object_storage.event_notification_supported,supported,service_tier,"huawei_cloud/obs, aws/s3, aliyun/oss",
object_storage.limits.max_object_size_gib,Maximum object size,object_storage,numeric,GiB,object_storage.max_object_size_gib,maximum,service_tier,"huawei_cloud/obs, aws/s3",
object_storage.limits.max_single_upload_size_gib,Maximum single upload size,object_storage,numeric,GiB,object_storage.max_single_upload_size_gib,maximum,service_tier,"huawei_cloud/obs, aws/s3",
object_storage.performance.transfer_acceleration_supported,Transfer acceleration supported,object_storage,boolean,,object_storage.transfer_acceleration_supported,supported,service_tier,aliyun/oss,
object_storage.redundancy.type,Redundancy type,object_storage,text,,object_storage.redundancy_type,exact,service_tier,aliyun/oss,
object_storage.reliability.availability_percentage,Availability percentage,object_storage,numeric,percent,object_storage.availability_percentage,designed,service_tier,"huawei_cloud/obs, aws/s3, aliyun/oss",
object_storage.reliability.durability_percentage,Durability percentage,object_storage,numeric,percent,object_storage.durability_percentage,designed,service_tier,"huawei_cloud/obs, aws/s3, aliyun/oss",
object_storage.retrieval.time_description,Retrieval time description,object_storage,text,,object_storage.retrieval_time_description,exact,service_tier,"huawei_cloud/obs, aws/s3, aliyun/oss",
object_storage.security.customer_managed_key_supported,Customer-managed key supported,object_storage,boolean,,object_storage.customer_managed_key_supported,supported,service_tier,"huawei_cloud/obs, aws/s3, aliyun/oss",
object_storage.security.server_side_encryption_supported,Server-side encryption supported,object_storage,boolean,,object_storage.server_side_encryption_supported,supported,service_tier,"huawei_cloud/obs, aws/s3, aliyun/oss",
object_storage.website.static_hosting_supported,Static website hosting supported,object_storage,boolean,,object_storage.static_website_hosting_supported,supported,service_tier,"huawei_cloud/obs, aws/s3, aliyun/oss",
