decision_result_id,scenario_code,scenario_version,provider,entity,mapping_candidate_id,decision_status,business_fit_score,match_score,confidence_score,completeness_score,rank,hard_blocks,dimension_scores,key_strength_conditions,key_risks,missing_information,assumptions,tco_result,evidence_packages,sensitivity_status,review_result,reviewer,reviewer_notes
1207,archive_object_storage_v1,v1,aws,product:3,1,incomplete_cost,0.8217,0.9000,0.6875,0.4545,,0,"{'technical_fit': '0.9000', 'availability_fit': None, 'regional_fit': None, 'compliance_fit': None, 'reliability_fit': None, 'operability_fit': None, 'migration_fit': '0.9000', 'cost_fit': None, 'evidence_quality': '1.0000', 'data_freshness': '0.5000', 'review_readiness': '0.4000'}","[{'type': 'relative_strength_condition', 'condition': 'Evidence-backed mapping similarity is available.', 'evidence_package_id': 1, 'confidence': '0.6875'}]",[],"[{'type': 'missing_information', 'dimension': 'cost_fit', 'reason': 'complete TCO not available for this mapped candidate'}]","['Directory pricing is not a customer transaction price.', 'Missing cost inputs are excluded and lower confidence; they are not treated as zero.', 'Pending-review evidence keeps the result internal-only.']",4,"[1, 1, 1, 1, 1, 1, 1, 1, 1, 1, 1]",,,,
1208,archive_object_storage_v1,v1,aliyun,product:5,2,blocked,,0.9000,0.6875,0.4545,,1,"{'technical_fit': '0.9000', 'availability_fit': None, 'regional_fit': None, 'compliance_fit': None, 'reliability_fit': None, 'operability_fit': None, 'migration_fit': '0.9000', 'cost_fit': None, 'evidence_quality': '1.0000', 'data_freshness': '0.5000', 'review_readiness': '0.4000'}","[{'type': 'relative_strength_condition', 'condition': 'Evidence-backed mapping similarity is available.', 'evidence_package_id': 2, 'confidence': '0.6875'}]","[{'type': 'relative_risk', 'reason': 'candidate target product market_mode=domestic does not match scenario market_mode=international', 'severity': 'critical'}]","[{'type': 'missing_information', 'dimension': 'cost_fit', 'reason': 'complete TCO not available for this mapped candidate'}]","['Directory pricing is not a customer transaction price.', 'Missing cost inputs are excluded and lower confidence; they are not treated as zero.', 'Pending-review evidence keeps the result internal-only.']",2,"[2, 2, 2, 2, 2, 2, 2, 2, 2, 2, 2]",,,,
1209,archive_object_storage_v1,v1,aws,product:4,3,requires_review,0.9241,0.9000,0.8125,0.5455,,0,"{'technical_fit': '0.9000', 'availability_fit': None, 'regional_fit': None, 'compliance_fit': None, 'reliability_fit': None, 'operability_fit': None, 'migration_fit': '0.9000', 'cost_fit': '1.0000', 'evidence_quality': '1.0000', 'data_freshness': '0.5000', 'review_readiness': '0.4000'}","[{'type': 'relative_strength_condition', 'condition': 'Evidence-backed mapping similarity is available.', 'evidence_package_id': 3, 'confidence': '0.8125'}]",[],[],"['Directory pricing is not a customer transaction price.', 'Missing cost inputs are excluded and lower confidence; they are not treated as zero.', 'Pending-review evidence keeps the result internal-only.']",3,"[3, 3, 3, 3, 3, 3, 3, 3, 3, 3, 3]",,,,
1210,archive_object_storage_v1,v1,aliyun,product:6,4,blocked,,0.9000,0.6875,0.4545,,1,"{'technical_fit': '0.9000', 'availability_fit': None, 'regional_fit': None, 'compliance_fit': None, 'reliability_fit': None, 'operability_fit': None, 'migration_fit': '0.9000', 'cost_fit': None, 'evidence_quality': '1.0000', 'data_freshness': '0.5000', 'review_readiness': '0.4000'}","[{'type': 'relative_strength_condition', 'condition': 'Evidence-backed mapping similarity is available.', 'evidence_package_id': 4, 'confidence': '0.6875'}]","[{'type': 'relative_risk', 'reason': 'candidate target product market_mode=domestic does not match scenario market_mode=international', 'severity': 'critical'}]","[{'type': 'missing_information', 'dimension': 'cost_fit', 'reason': 'complete TCO not available for this mapped candidate'}]","['Directory pricing is not a customer transaction price.', 'Missing cost inputs are excluded and lower confidence; they are not treated as zero.', 'Pending-review evidence keeps the result internal-only.']",1,"[4, 4, 4, 4, 4, 4, 4, 4, 4, 4, 4]",,,,
1211,archive_object_storage_v1,v1,aws,service_tier:11,395,incomplete_cost,0.7791,0.8300,0.6050,0.4545,,0,"{'technical_fit': '0.8300', 'availability_fit': None, 'regional_fit': None, 'compliance_fit': None, 'reliability_fit': None, 'operability_fit': None, 'migration_fit': '0.8300', 'cost_fit': None, 'evidence_quality': '1.0000', 'data_freshness': '0.5000', 'review_readiness': '0.4000'}","[{'type': 'relative_strength_condition', 'condition': 'Evidence-backed mapping similarity is available.', 'evidence_package_id': 395, 'confidence': '0.6050'}]",[],"[{'type': 'missing_information', 'dimension': 'cost_fit', 'reason': 'complete TCO not available for this mapped candidate'}]","['Directory pricing is not a customer transaction price.', 'Missing cost inputs are excluded and lower confidence; they are not treated as zero.', 'Pending-review evidence keeps the result internal-only.']",,"[395, 395, 395, 395, 395, 395, 395, 395, 395, 395, 395]",,,,
1212,archive_object_storage_v1,v1,aws,service_tier:10,396,incomplete_cost,0.7791,0.8300,0.6050,0.4545,,0,"{'technical_fit': '0.8300', 'availability_fit': None, 'regional_fit': None, 'compliance_fit': None, 'reliability_fit': None, 'operability_fit': None, 'migration_fit': '0.8300', 'cost_fit': None, 'evidence_quality': '1.0000', 'data_freshness': '0.5000', 'review_readiness': '0.4000'}","[{'type': 'relative_strength_condition', 'condition': 'Evidence-backed mapping similarity is available.', 'evidence_package_id': 396, 'confidence': '0.6050'}]",[],"[{'type': 'missing_information', 'dimension': 'cost_fit', 'reason': 'complete TCO not available for this mapped candidate'}]","['Directory pricing is not a customer transaction price.', 'Missing cost inputs are excluded and lower confidence; they are not treated as zero.', 'Pending-review evidence keeps the result internal-only.']",,"[396, 396, 396, 396, 396, 396, 396, 396, 396, 396, 396]",,,,
1213,archive_object_storage_v1,v1,aws,service_tier:12,397,incomplete_cost,0.7791,0.8300,0.6050,0.4545,,0,"{'technical_fit': '0.8300', 'availability_fit': None, 'regional_fit': None, 'compliance_fit': None, 'reliability_fit': None, 'operability_fit': None, 'migration_fit': '0.8300', 'cost_fit': None, 'evidence_quality': '1.0000', 'data_freshness': '0.5000', 'review_readiness': '0.4000'}","[{'type': 'relative_strength_condition', 'condition': 'Evidence-backed mapping similarity is available.', 'evidence_package_id': 397, 'confidence': '0.6050'}]",[],"[{'type': 'missing_information', 'dimension': 'cost_fit', 'reason': 'complete TCO not available for this mapped candidate'}]","['Directory pricing is not a customer transaction price.', 'Missing cost inputs are excluded and lower confidence; they are not treated as zero.', 'Pending-review evidence keeps the result internal-only.']",,"[397, 397, 397, 397, 397, 397, 397, 397, 397, 397, 397]",,,,
1214,archive_object_storage_v1,v1,aliyun,service_tier:15,398,incomplete_cost,0.7791,0.8300,0.6050,0.4545,,0,"{'technical_fit': '0.8300', 'availability_fit': None, 'regional_fit': None, 'compliance_fit': None, 'reliability_fit': None, 'operability_fit': None, 'migration_fit': '0.8300', 'cost_fit': None, 'evidence_quality': '1.0000', 'data_freshness': '0.5000', 'review_readiness': '0.4000'}","[{'type': 'relative_strength_condition', 'condition': 'Evidence-backed mapping similarity is available.', 'evidence_package_id': 398, 'confidence': '0.6050'}]",[],"[{'type': 'missing_information', 'dimension': 'cost_fit', 'reason': 'complete TCO not available for this mapped candidate'}]","['Directory pricing is not a customer transaction price.', 'Missing cost inputs are excluded and lower confidence; they are not treated as zero.', 'Pending-review evidence keeps the result internal-only.']",,"[398, 398, 398, 398, 398, 398, 398, 398, 398, 398, 398]",,,,
1215,archive_object_storage_v1,v1,aliyun,service_tier:16,399,incomplete_cost,0.7791,0.8300,0.6050,0.4545,,0,"{'technical_fit': '0.8300', 'availability_fit': None, 'regional_fit': None, 'compliance_fit': None, 'reliability_fit': None, 'operability_fit': None, 'migration_fit': '0.8300', 'cost_fit': None, 'evidence_quality': '1.0000', 'data_freshness': '0.5000', 'review_readiness': '0.4000'}","[{'type': 'relative_strength_condition', 'condition': 'Evidence-backed mapping similarity is available.', 'evidence_package_id': 399, 'confidence': '0.6050'}]",[],"[{'type': 'missing_information', 'dimension': 'cost_fit', 'reason': 'complete TCO not available for this mapped candidate'}]","['Directory pricing is not a customer transaction price.', 'Missing cost inputs are excluded and lower confidence; they are not treated as zero.', 'Pending-review evidence keeps the result internal-only.']",,"[399, 399, 399, 399, 399, 399, 399, 399, 399, 399, 399]",,,,
1216,archive_object_storage_v1,v1,aliyun,service_tier:17,400,incomplete_cost,0.7791,0.8300,0.6050,0.4545,,0,"{'technical_fit': '0.8300', 'availability_fit': None, 'regional_fit': None, 'compliance_fit': None, 'reliability_fit': None, 'operability_fit': None, 'migration_fit': '0.8300', 'cost_fit': None, 'evidence_quality': '1.0000', 'data_freshness': '0.5000', 'review_readiness': '0.4000'}","[{'type': 'relative_strength_condition', 'condition': 'Evidence-backed mapping similarity is available.', 'evidence_package_id': 400, 'confidence': '0.6050'}]",[],"[{'type': 'missing_information', 'dimension': 'cost_fit', 'reason': 'complete TCO not available for this mapped candidate'}]","['Directory pricing is not a customer transaction price.', 'Missing cost inputs are excluded and lower confidence; they are not treated as zero.', 'Pending-review evidence keeps the result internal-only.']",,"[400, 400, 400, 400, 400, 400, 400, 400, 400, 400, 400]",,,,
1217,archive_object_storage_v1,v1,aliyun,service_tier:14,401,incomplete_cost,0.7791,0.8300,0.6050,0.4545,,0,"{'technical_fit': '0.8300', 'availability_fit': None, 'regional_fit': None, 'compliance_fit': None, 'reliability_fit': None, 'operability_fit': None, 'migration_fit': '0.8300', 'cost_fit': None, 'evidence_quality': '1.0000', 'data_freshness': '0.5000', 'review_readiness': '0.4000'}","[{'type': 'relative_strength_condition', 'condition': 'Evidence-backed mapping similarity is available.', 'evidence_package_id': 401, 'confidence': '0.6050'}]",[],"[{'type': 'missing_information', 'dimension': 'cost_fit', 'reason': 'complete TCO not available for this mapped candidate'}]","['Directory pricing is not a customer transaction price.', 'Missing cost inputs are excluded and lower confidence; they are not treated as zero.', 'Pending-review evidence keeps the result internal-only.']",,"[401, 401, 401, 401, 401, 401, 401, 401, 401, 401, 401]",,,,
1218,archive_object_storage_v1,v1,aliyun,service_tier:13,402,incomplete_cost,0.7791,0.8300,0.6050,0.4545,,0,"{'technical_fit': '0.8300', 'availability_fit': None, 'regional_fit': None, 'compliance_fit': None, 'reliability_fit': None, 'operability_fit': None, 'migration_fit': '0.8300', 'cost_fit': None, 'evidence_quality': '1.0000', 'data_freshness': '0.5000', 'review_readiness': '0.4000'}","[{'type': 'relative_strength_condition', 'condition': 'Evidence-backed mapping similarity is available.', 'evidence_package_id': 402, 'confidence': '0.6050'}]",[],"[{'type': 'missing_information', 'dimension': 'cost_fit', 'reason': 'complete TCO not available for this mapped candidate'}]","['Directory pricing is not a customer transaction price.', 'Missing cost inputs are excluded and lower confidence; they are not treated as zero.', 'Pending-review evidence keeps the result internal-only.']",,"[402, 402, 402, 402, 402, 402, 402, 402, 402, 402, 402]",,,,
1219,archive_object_storage_v1,v1,aws,service_tier:12,403,incomplete_cost,0.7791,0.8300,0.6050,0.4545,,0,"{'technical_fit': '0.8300', 'availability_fit': None, 'regional_fit': None, 'compliance_fit': None, 'reliability_fit': None, 'operability_fit': None, 'migration_fit': '0.8300', 'cost_fit': None, 'evidence_quality': '1.0000', 'data_freshness': '0.5000', 'review_readiness': '0.4000'}","[{'type': 'relative_strength_condition', 'condition': 'Evidence-backed mapping similarity is available.', 'evidence_package_id': 403, 'confidence': '0.6050'}]",[],"[{'type': 'missing_information', 'dimension': 'cost_fit', 'reason': 'complete TCO not available for this mapped candidate'}]","['Directory pricing is not a customer transaction price.', 'Missing cost inputs are excluded and lower confidence; they are not treated as zero.', 'Pending-review evidence keeps the result internal-only.']",,"[403, 403, 403, 403, 403, 403, 403, 403, 403, 403, 403]",,,,
1220,archive_object_storage_v1,v1,aliyun,service_tier:15,404,incomplete_cost,0.7791,0.8300,0.6050,0.4545,,0,"{'technical_fit': '0.8300', 'availability_fit': None, 'regional_fit': None, 'compliance_fit': None, 'reliability_fit': None, 'operability_fit': None, 'migration_fit': '0.8300', 'cost_fit': None, 'evidence_quality': '1.0000', 'data_freshness': '0.5000', 'review_readiness': '0.4000'}","[{'type': 'relative_strength_condition', 'condition': 'Evidence-backed mapping similarity is available.', 'evidence_package_id': 404, 'confidence': '0.6050'}]",[],"[{'type': 'missing_information', 'dimension': 'cost_fit', 'reason': 'complete TCO not available for this mapped candidate'}]","['Directory pricing is not a customer transaction price.', 'Missing cost inputs are excluded and lower confidence; they are not treated as zero.', 'Pending-review evidence keeps the result internal-only.']",,"[404, 404, 404, 404, 404, 404, 404, 404, 404, 404, 404]",,,,
1221,archive_object_storage_v1,v1,aliyun,service_tier:16,405,incomplete_cost,0.7791,0.8300,0.6050,0.4545,,0,"{'technical_fit': '0.8300', 'availability_fit': None, 'regional_fit': None, 'compliance_fit': None, 'reliability_fit': None, 'operability_fit': None, 'migration_fit': '0.8300', 'cost_fit': None, 'evidence_quality': '1.0000', 'data_freshness': '0.5000', 'review_readiness': '0.4000'}","[{'type': 'relative_strength_condition', 'condition': 'Evidence-backed mapping similarity is available.', 'evidence_package_id': 405, 'confidence': '0.6050'}]",[],"[{'type': 'missing_information', 'dimension': 'cost_fit', 'reason': 'complete TCO not available for this mapped candidate'}]","['Directory pricing is not a customer transaction price.', 'Missing cost inputs are excluded and lower confidence; they are not treated as zero.', 'Pending-review evidence keeps the result internal-only.']",,"[405, 405, 405, 405, 405, 405, 405, 405, 405, 405, 405]",,,,
1222,archive_object_storage_v1,v1,aliyun,service_tier:17,406,incomplete_cost,0.7791,0.8300,0.6050,0.4545,,0,"{'technical_fit': '0.8300', 'availability_fit': None, 'regional_fit': None, 'compliance_fit': None, 'reliability_fit': None, 'operability_fit': None, 'migration_fit': '0.8300', 'cost_fit': None, 'evidence_quality': '1.0000', 'data_freshness': '0.5000', 'review_readiness': '0.4000'}","[{'type': 'relative_strength_condition', 'condition': 'Evidence-backed mapping similarity is available.', 'evidence_package_id': 406, 'confidence': '0.6050'}]",[],"[{'type': 'missing_information', 'dimension': 'cost_fit', 'reason': 'complete TCO not available for this mapped candidate'}]","['Directory pricing is not a customer transaction price.', 'Missing cost inputs are excluded and lower confidence; they are not treated as zero.', 'Pending-review evidence keeps the result internal-only.']",,"[406, 406, 406, 406, 406, 406, 406, 406, 406, 406, 406]",,,,
1223,archive_object_storage_v1,v1,aliyun,service_tier:14,407,incomplete_cost,0.7791,0.8300,0.6050,0.4545,,0,"{'technical_fit': '0.8300', 'availability_fit': None, 'regional_fit': None, 'compliance_fit': None, 'reliability_fit': None, 'operability_fit': None, 'migration_fit': '0.8300', 'cost_fit': None, 'evidence_quality': '1.0000', 'data_freshness': '0.5000', 'review_readiness': '0.4000'}","[{'type': 'relative_strength_condition', 'condition': 'Evidence-backed mapping similarity is available.', 'evidence_package_id': 407, 'confidence': '0.6050'}]",[],"[{'type': 'missing_information', 'dimension': 'cost_fit', 'reason': 'complete TCO not available for this mapped candidate'}]","['Directory pricing is not a customer transaction price.', 'Missing cost inputs are excluded and lower confidence; they are not treated as zero.', 'Pending-review evidence keeps the result internal-only.']",,"[407, 407, 407, 407, 407, 407, 407, 407, 407, 407, 407]",,,,
1224,archive_object_storage_v1,v1,aliyun,service_tier:13,408,incomplete_cost,0.7791,0.8300,0.6050,0.4545,,0,"{'technical_fit': '0.8300', 'availability_fit': None, 'regional_fit': None, 'compliance_fit': None, 'reliability_fit': None, 'operability_fit': None, 'migration_fit': '0.8300', 'cost_fit': None, 'evidence_quality': '1.0000', 'data_freshness': '0.5000', 'review_readiness': '0.4000'}","[{'type': 'relative_strength_condition', 'condition': 'Evidence-backed mapping similarity is available.', 'evidence_package_id': 408, 'confidence': '0.6050'}]",[],"[{'type': 'missing_information', 'dimension': 'cost_fit', 'reason': 'complete TCO not available for this mapped candidate'}]","['Directory pricing is not a customer transaction price.', 'Missing cost inputs are excluded and lower confidence; they are not treated as zero.', 'Pending-review evidence keeps the result internal-only.']",,"[408, 408, 408, 408, 408, 408, 408, 408, 408, 408, 408]",,,,
1225,archive_object_storage_v1,v1,aws,service_tier:12,409,incomplete_cost,0.7791,0.8300,0.6050,0.4545,,0,"{'technical_fit': '0.8300', 'availability_fit': None, 'regional_fit': None, 'compliance_fit': None, 'reliability_fit': None, 'operability_fit': None, 'migration_fit': '0.8300', 'cost_fit': None, 'evidence_quality': '1.0000', 'data_freshness': '0.5000', 'review_readiness': '0.4000'}","[{'type': 'relative_strength_condition', 'condition': 'Evidence-backed mapping similarity is available.', 'evidence_package_id': 409, 'confidence': '0.6050'}]",[],"[{'type': 'missing_information', 'dimension': 'cost_fit', 'reason': 'complete TCO not available for this mapped candidate'}]","['Directory pricing is not a customer transaction price.', 'Missing cost inputs are excluded and lower confidence; they are not treated as zero.', 'Pending-review evidence keeps the result internal-only.']",,"[409, 409, 409, 409, 409, 409, 409, 409, 409, 409, 409]",,,,
1226,archive_object_storage_v1,v1,aliyun,service_tier:15,410,incomplete_cost,0.7791,0.8300,0.6050,0.4545,,0,"{'technical_fit': '0.8300', 'availability_fit': None, 'regional_fit': None, 'compliance_fit': None, 'reliability_fit': None, 'operability_fit': None, 'migration_fit': '0.8300', 'cost_fit': None, 'evidence_quality': '1.0000', 'data_freshness': '0.5000', 'review_readiness': '0.4000'}","[{'type': 'relative_strength_condition', 'condition': 'Evidence-backed mapping similarity is available.', 'evidence_package_id': 410, 'confidence': '0.6050'}]",[],"[{'type': 'missing_information', 'dimension': 'cost_fit', 'reason': 'complete TCO not available for this mapped candidate'}]","['Directory pricing is not a customer transaction price.', 'Missing cost inputs are excluded and lower confidence; they are not treated as zero.', 'Pending-review evidence keeps the result internal-only.']",,"[410, 410, 410, 410, 410, 410, 410, 410, 410, 410, 410]",,,,
1227,archive_object_storage_v1,v1,aliyun,service_tier:16,411,incomplete_cost,0.7791,0.8300,0.6050,0.4545,,0,"{'technical_fit': '0.8300', 'availability_fit': None, 'regional_fit': None, 'compliance_fit': None, 'reliability_fit': None, 'operability_fit': None, 'migration_fit': '0.8300', 'cost_fit': None, 'evidence_quality': '1.0000', 'data_freshness': '0.5000', 'review_readiness': '0.4000'}","[{'type': 'relative_strength_condition', 'condition': 'Evidence-backed mapping similarity is available.', 'evidence_package_id': 411, 'confidence': '0.6050'}]",[],"[{'type': 'missing_information', 'dimension': 'cost_fit', 'reason': 'complete TCO not available for this mapped candidate'}]","['Directory pricing is not a customer transaction price.', 'Missing cost inputs are excluded and lower confidence; they are not treated as zero.', 'Pending-review evidence keeps the result internal-only.']",,"[411, 411, 411, 411, 411, 411, 411, 411, 411, 411, 411]",,,,
1228,archive_object_storage_v1,v1,aliyun,service_tier:17,412,incomplete_cost,0.7791,0.8300,0.6050,0.4545,,0,"{'technical_fit': '0.8300', 'availability_fit': None, 'regional_fit': None, 'compliance_fit': None, 'reliability_fit': None, 'operability_fit': None, 'migration_fit': '0.8300', 'cost_fit': None, 'evidence_quality': '1.0000', 'data_freshness': '0.5000', 'review_readiness': '0.4000'}","[{'type': 'relative_strength_condition', 'condition': 'Evidence-backed mapping similarity is available.', 'evidence_package_id': 412, 'confidence': '0.6050'}]",[],"[{'type': 'missing_information', 'dimension': 'cost_fit', 'reason': 'complete TCO not available for this mapped candidate'}]","['Directory pricing is not a customer transaction price.', 'Missing cost inputs are excluded and lower confidence; they are not treated as zero.', 'Pending-review evidence keeps the result internal-only.']",,"[412, 412, 412, 412, 412, 412, 412, 412, 412, 412, 412]",,,,
1229,archive_object_storage_v1,v1,aliyun,service_tier:14,413,incomplete_cost,0.7791,0.8300,0.6050,0.4545,,0,"{'technical_fit': '0.8300', 'availability_fit': None, 'regional_fit': None, 'compliance_fit': None, 'reliability_fit': None, 'operability_fit': None, 'migration_fit': '0.8300', 'cost_fit': None, 'evidence_quality': '1.0000', 'data_freshness': '0.5000', 'review_readiness': '0.4000'}","[{'type': 'relative_strength_condition', 'condition': 'Evidence-backed mapping similarity is available.', 'evidence_package_id': 413, 'confidence': '0.6050'}]",[],"[{'type': 'missing_information', 'dimension': 'cost_fit', 'reason': 'complete TCO not available for this mapped candidate'}]","['Directory pricing is not a customer transaction price.', 'Missing cost inputs are excluded and lower confidence; they are not treated as zero.', 'Pending-review evidence keeps the result internal-only.']",,"[413, 413, 413, 413, 413, 413, 413, 413, 413, 413, 413]",,,,
1230,archive_object_storage_v1,v1,aliyun,service_tier:13,414,incomplete_cost,0.7791,0.8300,0.6050,0.4545,,0,"{'technical_fit': '0.8300', 'availability_fit': None, 'regional_fit': None, 'compliance_fit': None, 'reliability_fit': None, 'operability_fit': None, 'migration_fit': '0.8300', 'cost_fit': None, 'evidence_quality': '1.0000', 'data_freshness': '0.5000', 'review_readiness': '0.4000'}","[{'type': 'relative_strength_condition', 'condition': 'Evidence-backed mapping similarity is available.', 'evidence_package_id': 414, 'confidence': '0.6050'}]",[],"[{'type': 'missing_information', 'dimension': 'cost_fit', 'reason': 'complete TCO not available for this mapped candidate'}]","['Directory pricing is not a customer transaction price.', 'Missing cost inputs are excluded and lower confidence; they are not treated as zero.', 'Pending-review evidence keeps the result internal-only.']",,"[414, 414, 414, 414, 414, 414, 414, 414, 414, 414, 414]",,,,
