candidate_id,market_mode,mapping_level,source_provider,source_entity,target_provider,target_entity,relationship_type,candidate_level,match_score,confidence,matched_fields,different_fields,missing_fields,blocking_reasons,conditions,source_evidence,target_evidence,rule_set_version,review_result,reviewer,reviewer_notes
1,cross_market,product,huawei_cloud,product:2,aws,product:3,same_service_class,candidate,0.9000,0.8500,,,,[],"[""product-level mapping does not imply SKU equivalence""]",,,2026.07.week07.v1,,,
2,cross_market,product,huawei_cloud,product:2,aliyun,product:5,same_service_class,candidate,0.9000,0.8500,,,,[],"[""product-level mapping does not imply SKU equivalence""]",,,2026.07.week07.v1,,,
3,cross_market,product,huawei_cloud,product:1,aws,product:4,same_service_class,candidate,0.9000,0.8500,,,,[],"[""product-level mapping does not imply SKU equivalence""]",,,2026.07.week07.v1,,,
4,cross_market,product,huawei_cloud,product:1,aliyun,product:6,same_service_class,candidate,0.9000,0.8500,,,,[],"[""product-level mapping does not imply SKU equivalence""]",,,2026.07.week07.v1,,,
5,cross_market,product_family,huawei_cloud,product_family:16,aws,product_family:18,partial_overlap,not_comparable,0.4500,0.4000,,,,"[""family_category_mismatch""]","[""source_family_tag=previous_generation"", ""target_family_tag=compute_optimized""]",,,2026.07.week07.v1,,,
6,cross_market,product_family,huawei_cloud,product_family:16,aliyun,product_family:123,partial_overlap,not_comparable,0.4500,0.4000,,,,"[""family_category_mismatch""]","[""source_family_tag=previous_generation"", ""target_family_tag=compute_optimized""]",,,2026.07.week07.v1,,,
7,cross_market,product_family,huawei_cloud,product_family:14,aws,product_family:18,partial_overlap,not_comparable,0.4500,0.4000,,,,"[""family_category_mismatch""]","[""source_family_tag=previous_generation"", ""target_family_tag=compute_optimized""]",,,2026.07.week07.v1,,,
8,cross_market,product_family,huawei_cloud,product_family:14,aliyun,product_family:123,partial_overlap,not_comparable,0.4500,0.4000,,,,"[""family_category_mismatch""]","[""source_family_tag=previous_generation"", ""target_family_tag=compute_optimized""]",,,2026.07.week07.v1,,,
9,cross_market,product_family,huawei_cloud,product_family:15,aws,product_family:18,partial_overlap,not_comparable,0.4500,0.4000,,,,"[""family_category_mismatch""]","[""source_family_tag=previous_generation"", ""target_family_tag=compute_optimized""]",,,2026.07.week07.v1,,,
10,cross_market,product_family,huawei_cloud,product_family:15,aliyun,product_family:123,partial_overlap,not_comparable,0.4500,0.4000,,,,"[""family_category_mismatch""]","[""source_family_tag=previous_generation"", ""target_family_tag=compute_optimized""]",,,2026.07.week07.v1,,,
11,cross_market,product_family,huawei_cloud,product_family:17,aws,product_family:18,partial_overlap,not_comparable,0.4500,0.4000,,,,"[""family_category_mismatch""]","[""source_family_tag=previous_generation"", ""target_family_tag=compute_optimized""]",,,2026.07.week07.v1,,,
12,cross_market,product_family,huawei_cloud,product_family:17,aliyun,product_family:123,partial_overlap,not_comparable,0.4500,0.4000,,,,"[""family_category_mismatch""]","[""source_family_tag=previous_generation"", ""target_family_tag=compute_optimized""]",,,2026.07.week07.v1,,,
13,cross_market,product_family,huawei_cloud,product_family:12,aws,product_family:18,partial_overlap,not_comparable,0.4500,0.4000,,,,"[""family_category_mismatch""]","[""source_family_tag=unknown"", ""target_family_tag=compute_optimized""]",,,2026.07.week07.v1,,,
14,cross_market,product_family,huawei_cloud,product_family:12,aliyun,product_family:212,close_alternative,candidate,0.8200,0.7000,,,,[],"[""source_family_tag=unknown"", ""target_family_tag=unknown""]",,,2026.07.week07.v1,,,
15,cross_market,product_family,huawei_cloud,product_family:12,aliyun,product_family:213,close_alternative,candidate,0.8200,0.7000,,,,[],"[""source_family_tag=unknown"", ""target_family_tag=unknown""]",,,2026.07.week07.v1,,,
16,cross_market,product_family,huawei_cloud,product_family:12,aliyun,product_family:214,close_alternative,candidate,0.8200,0.7000,,,,[],"[""source_family_tag=unknown"", ""target_family_tag=unknown""]",,,2026.07.week07.v1,,,
17,cross_market,product_family,huawei_cloud,product_family:12,aliyun,product_family:211,close_alternative,candidate,0.8200,0.7000,,,,[],"[""source_family_tag=unknown"", ""target_family_tag=unknown""]",,,2026.07.week07.v1,,,
18,cross_market,product_family,huawei_cloud,product_family:12,aliyun,product_family:210,close_alternative,candidate,0.8200,0.7000,,,,[],"[""source_family_tag=unknown"", ""target_family_tag=unknown""]",,,2026.07.week07.v1,,,
19,cross_market,product_family,huawei_cloud,product_family:8,aws,product_family:18,close_alternative,candidate,0.8200,0.7000,,,,[],"[""source_family_tag=compute_optimized"", ""target_family_tag=compute_optimized""]",,,2026.07.week07.v1,,,
20,cross_market,product_family,huawei_cloud,product_family:8,aws,product_family:19,close_alternative,candidate,0.8200,0.7000,,,,[],"[""source_family_tag=compute_optimized"", ""target_family_tag=compute_optimized""]",,,2026.07.week07.v1,,,
21,cross_market,product_family,huawei_cloud,product_family:8,aws,product_family:20,close_alternative,candidate,0.8200,0.7000,,,,[],"[""source_family_tag=compute_optimized"", ""target_family_tag=compute_optimized""]",,,2026.07.week07.v1,,,
22,cross_market,product_family,huawei_cloud,product_family:8,aws,product_family:21,close_alternative,candidate,0.8200,0.7000,,,,[],"[""source_family_tag=compute_optimized"", ""target_family_tag=compute_optimized""]",,,2026.07.week07.v1,,,
23,cross_market,product_family,huawei_cloud,product_family:8,aws,product_family:22,close_alternative,candidate,0.8200,0.7000,,,,[],"[""source_family_tag=compute_optimized"", ""target_family_tag=compute_optimized""]",,,2026.07.week07.v1,,,
24,cross_market,product_family,huawei_cloud,product_family:8,aliyun,product_family:123,close_alternative,candidate,0.8200,0.7000,,,,[],"[""source_family_tag=compute_optimized"", ""target_family_tag=compute_optimized""]",,,2026.07.week07.v1,,,
25,cross_market,product_family,huawei_cloud,product_family:8,aliyun,product_family:120,close_alternative,candidate,0.8200,0.7000,,,,[],"[""source_family_tag=compute_optimized"", ""target_family_tag=compute_optimized""]",,,2026.07.week07.v1,,,
26,cross_market,product_family,huawei_cloud,product_family:8,aliyun,product_family:121,close_alternative,candidate,0.8200,0.7000,,,,[],"[""source_family_tag=compute_optimized"", ""target_family_tag=compute_optimized""]",,,2026.07.week07.v1,,,
27,cross_market,product_family,huawei_cloud,product_family:8,aliyun,product_family:122,close_alternative,candidate,0.8200,0.7000,,,,[],"[""source_family_tag=compute_optimized"", ""target_family_tag=compute_optimized""]",,,2026.07.week07.v1,,,
28,cross_market,product_family,huawei_cloud,product_family:8,aliyun,product_family:242,close_alternative,candidate,0.8200,0.7000,,,,[],"[""source_family_tag=compute_optimized"", ""target_family_tag=compute_optimized""]",,,2026.07.week07.v1,,,
29,cross_market,product_family,huawei_cloud,product_family:7,aws,product_family:18,partial_overlap,not_comparable,0.4500,0.4000,,,,"[""family_category_mismatch""]","[""source_family_tag=storage_optimized"", ""target_family_tag=compute_optimized""]",,,2026.07.week07.v1,,,
30,cross_market,product_family,huawei_cloud,product_family:7,aliyun,product_family:157,close_alternative,candidate,0.8200,0.7000,,,,[],"[""source_family_tag=storage_optimized"", ""target_family_tag=storage_optimized""]",,,2026.07.week07.v1,,,
31,cross_market,product_family,huawei_cloud,product_family:7,aliyun,product_family:159,close_alternative,candidate,0.8200,0.7000,,,,[],"[""source_family_tag=storage_optimized"", ""target_family_tag=storage_optimized""]",,,2026.07.week07.v1,,,
32,cross_market,product_family,huawei_cloud,product_family:7,aliyun,product_family:158,close_alternative,candidate,0.8200,0.7000,,,,[],"[""source_family_tag=storage_optimized"", ""target_family_tag=storage_optimized""]",,,2026.07.week07.v1,,,
33,cross_market,product_family,huawei_cloud,product_family:7,aliyun,product_family:155,close_alternative,candidate,0.8200,0.7000,,,,[],"[""source_family_tag=storage_optimized"", ""target_family_tag=storage_optimized""]",,,2026.07.week07.v1,,,
34,cross_market,product_family,huawei_cloud,product_family:7,aliyun,product_family:156,close_alternative,candidate,0.8200,0.7000,,,,[],"[""source_family_tag=storage_optimized"", ""target_family_tag=storage_optimized""]",,,2026.07.week07.v1,,,
35,cross_market,product_family,huawei_cloud,product_family:9,aws,product_family:18,partial_overlap,not_comparable,0.4500,0.4000,,,,"[""family_category_mismatch""]","[""source_family_tag=storage_optimized"", ""target_family_tag=compute_optimized""]",,,2026.07.week07.v1,,,
36,cross_market,product_family,huawei_cloud,product_family:9,aliyun,product_family:157,close_alternative,candidate,0.8200,0.7000,,,,[],"[""source_family_tag=storage_optimized"", ""target_family_tag=storage_optimized""]",,,2026.07.week07.v1,,,
37,cross_market,product_family,huawei_cloud,product_family:9,aliyun,product_family:159,close_alternative,candidate,0.8200,0.7000,,,,[],"[""source_family_tag=storage_optimized"", ""target_family_tag=storage_optimized""]",,,2026.07.week07.v1,,,
38,cross_market,product_family,huawei_cloud,product_family:9,aliyun,product_family:158,close_alternative,candidate,0.8200,0.7000,,,,[],"[""source_family_tag=storage_optimized"", ""target_family_tag=storage_optimized""]",,,2026.07.week07.v1,,,
39,cross_market,product_family,huawei_cloud,product_family:9,aliyun,product_family:155,close_alternative,candidate,0.8200,0.7000,,,,[],"[""source_family_tag=storage_optimized"", ""target_family_tag=storage_optimized""]",,,2026.07.week07.v1,,,
40,cross_market,product_family,huawei_cloud,product_family:9,aliyun,product_family:156,close_alternative,candidate,0.8200,0.7000,,,,[],"[""source_family_tag=storage_optimized"", ""target_family_tag=storage_optimized""]",,,2026.07.week07.v1,,,
41,cross_market,product_family,huawei_cloud,product_family:4,aws,product_family:18,partial_overlap,not_comparable,0.4500,0.4000,,,,"[""family_category_mismatch""]","[""source_family_tag=burstable"", ""target_family_tag=compute_optimized"", ""burstable_shape_requires_review""]",,,2026.07.week07.v1,,,
42,cross_market,product_family,huawei_cloud,product_family:4,aliyun,product_family:224,close_alternative,candidate,0.8200,0.7000,,,,[],"[""source_family_tag=burstable"", ""target_family_tag=burstable""]",,,2026.07.week07.v1,,,
43,cross_market,product_family,huawei_cloud,product_family:4,aliyun,product_family:225,close_alternative,candidate,0.8200,0.7000,,,,[],"[""source_family_tag=burstable"", ""target_family_tag=burstable""]",,,2026.07.week07.v1,,,
44,cross_market,product_family,huawei_cloud,product_family:4,aliyun,product_family:226,close_alternative,candidate,0.8200,0.7000,,,,[],"[""source_family_tag=burstable"", ""target_family_tag=burstable""]",,,2026.07.week07.v1,,,
45,cross_market,product_family,huawei_cloud,product_family:4,aliyun,product_family:221,close_alternative,candidate,0.8200,0.7000,,,,[],"[""source_family_tag=burstable"", ""target_family_tag=burstable""]",,,2026.07.week07.v1,,,
46,cross_market,product_family,huawei_cloud,product_family:4,aliyun,product_family:222,close_alternative,candidate,0.8200,0.7000,,,,[],"[""source_family_tag=burstable"", ""target_family_tag=burstable""]",,,2026.07.week07.v1,,,
47,cross_market,product_family,huawei_cloud,product_family:11,aws,product_family:57,close_alternative,candidate,0.8200,0.7000,,,,[],"[""source_family_tag=memory_optimized"", ""target_family_tag=memory_optimized""]",,,2026.07.week07.v1,,,
48,cross_market,product_family,huawei_cloud,product_family:11,aws,product_family:58,close_alternative,candidate,0.8200,0.7000,,,,[],"[""source_family_tag=memory_optimized"", ""target_family_tag=memory_optimized""]",,,2026.07.week07.v1,,,
49,cross_market,product_family,huawei_cloud,product_family:11,aws,product_family:59,close_alternative,candidate,0.8200,0.7000,,,,[],"[""source_family_tag=memory_optimized"", ""target_family_tag=memory_optimized""]",,,2026.07.week07.v1,,,
50,cross_market,product_family,huawei_cloud,product_family:11,aws,product_family:60,close_alternative,candidate,0.8200,0.7000,,,,[],"[""source_family_tag=memory_optimized"", ""target_family_tag=memory_optimized""]",,,2026.07.week07.v1,,,
51,cross_market,product_family,huawei_cloud,product_family:11,aws,product_family:61,close_alternative,candidate,0.8200,0.7000,,,,[],"[""source_family_tag=memory_optimized"", ""target_family_tag=memory_optimized""]",,,2026.07.week07.v1,,,
52,cross_market,product_family,huawei_cloud,product_family:11,aliyun,product_family:236,close_alternative,candidate,0.8200,0.7000,,,,[],"[""source_family_tag=memory_optimized"", ""target_family_tag=memory_optimized""]",,,2026.07.week07.v1,,,
53,cross_market,product_family,huawei_cloud,product_family:11,aliyun,product_family:139,close_alternative,candidate,0.8200,0.7000,,,,[],"[""source_family_tag=memory_optimized"", ""target_family_tag=memory_optimized""]",,,2026.07.week07.v1,,,
54,cross_market,product_family,huawei_cloud,product_family:11,aliyun,product_family:136,close_alternative,candidate,0.8200,0.7000,,,,[],"[""source_family_tag=memory_optimized"", ""target_family_tag=memory_optimized""]",,,2026.07.week07.v1,,,
55,cross_market,product_family,huawei_cloud,product_family:11,aliyun,product_family:137,close_alternative,candidate,0.8200,0.7000,,,,[],"[""source_family_tag=memory_optimized"", ""target_family_tag=memory_optimized""]",,,2026.07.week07.v1,,,
56,cross_market,product_family,huawei_cloud,product_family:11,aliyun,product_family:138,close_alternative,candidate,0.8200,0.7000,,,,[],"[""source_family_tag=memory_optimized"", ""target_family_tag=memory_optimized""]",,,2026.07.week07.v1,,,
57,cross_market,product_family,huawei_cloud,product_family:10,aws,product_family:18,partial_overlap,not_comparable,0.4500,0.4000,,,,"[""family_category_mismatch""]","[""source_family_tag=unknown"", ""target_family_tag=compute_optimized""]",,,2026.07.week07.v1,,,
58,cross_market,product_family,huawei_cloud,product_family:10,aliyun,product_family:212,close_alternative,candidate,0.8200,0.7000,,,,[],"[""source_family_tag=unknown"", ""target_family_tag=unknown""]",,,2026.07.week07.v1,,,
59,cross_market,product_family,huawei_cloud,product_family:10,aliyun,product_family:213,close_alternative,candidate,0.8200,0.7000,,,,[],"[""source_family_tag=unknown"", ""target_family_tag=unknown""]",,,2026.07.week07.v1,,,
60,cross_market,product_family,huawei_cloud,product_family:10,aliyun,product_family:214,close_alternative,candidate,0.8200,0.7000,,,,[],"[""source_family_tag=unknown"", ""target_family_tag=unknown""]",,,2026.07.week07.v1,,,
61,cross_market,product_family,huawei_cloud,product_family:10,aliyun,product_family:211,close_alternative,candidate,0.8200,0.7000,,,,[],"[""source_family_tag=unknown"", ""target_family_tag=unknown""]",,,2026.07.week07.v1,,,
62,cross_market,product_family,huawei_cloud,product_family:10,aliyun,product_family:210,close_alternative,candidate,0.8200,0.7000,,,,[],"[""source_family_tag=unknown"", ""target_family_tag=unknown""]",,,2026.07.week07.v1,,,
63,cross_market,product_family,huawei_cloud,product_family:1,aws,product_family:18,partial_overlap,not_comparable,0.4500,0.4000,,,,"[""family_category_mismatch""]","[""source_family_tag=unknown"", ""target_family_tag=compute_optimized""]",,,2026.07.week07.v1,,,
64,cross_market,product_family,huawei_cloud,product_family:1,aliyun,product_family:212,close_alternative,candidate,0.8200,0.7000,,,,[],"[""source_family_tag=unknown"", ""target_family_tag=unknown""]",,,2026.07.week07.v1,,,
65,cross_market,product_family,huawei_cloud,product_family:1,aliyun,product_family:213,close_alternative,candidate,0.8200,0.7000,,,,[],"[""source_family_tag=unknown"", ""target_family_tag=unknown""]",,,2026.07.week07.v1,,,
66,cross_market,product_family,huawei_cloud,product_family:1,aliyun,product_family:214,close_alternative,candidate,0.8200,0.7000,,,,[],"[""source_family_tag=unknown"", ""target_family_tag=unknown""]",,,2026.07.week07.v1,,,
67,cross_market,product_family,huawei_cloud,product_family:1,aliyun,product_family:211,close_alternative,candidate,0.8200,0.7000,,,,[],"[""source_family_tag=unknown"", ""target_family_tag=unknown""]",,,2026.07.week07.v1,,,
68,cross_market,product_family,huawei_cloud,product_family:1,aliyun,product_family:210,close_alternative,candidate,0.8200,0.7000,,,,[],"[""source_family_tag=unknown"", ""target_family_tag=unknown""]",,,2026.07.week07.v1,,,
69,cross_market,product_family,huawei_cloud,product_family:13,aws,product_family:18,partial_overlap,not_comparable,0.4500,0.4000,,,,"[""family_category_mismatch""]","[""source_family_tag=unknown"", ""target_family_tag=compute_optimized""]",,,2026.07.week07.v1,,,
70,cross_market,product_family,huawei_cloud,product_family:13,aliyun,product_family:212,close_alternative,candidate,0.8200,0.7000,,,,[],"[""source_family_tag=unknown"", ""target_family_tag=unknown""]",,,2026.07.week07.v1,,,
71,cross_market,product_family,huawei_cloud,product_family:13,aliyun,product_family:213,close_alternative,candidate,0.8200,0.7000,,,,[],"[""source_family_tag=unknown"", ""target_family_tag=unknown""]",,,2026.07.week07.v1,,,
72,cross_market,product_family,huawei_cloud,product_family:13,aliyun,product_family:214,close_alternative,candidate,0.8200,0.7000,,,,[],"[""source_family_tag=unknown"", ""target_family_tag=unknown""]",,,2026.07.week07.v1,,,
73,cross_market,product_family,huawei_cloud,product_family:13,aliyun,product_family:211,close_alternative,candidate,0.8200,0.7000,,,,[],"[""source_family_tag=unknown"", ""target_family_tag=unknown""]",,,2026.07.week07.v1,,,
74,cross_market,product_family,huawei_cloud,product_family:13,aliyun,product_family:210,close_alternative,candidate,0.8200,0.7000,,,,[],"[""source_family_tag=unknown"", ""target_family_tag=unknown""]",,,2026.07.week07.v1,,,
75,cross_market,product_family,huawei_cloud,product_family:2,aws,product_family:18,partial_overlap,not_comparable,0.4500,0.4000,,,,"[""family_category_mismatch""]","[""source_family_tag=unknown"", ""target_family_tag=compute_optimized""]",,,2026.07.week07.v1,,,
76,cross_market,product_family,huawei_cloud,product_family:2,aliyun,product_family:212,close_alternative,candidate,0.8200,0.7000,,,,[],"[""source_family_tag=unknown"", ""target_family_tag=unknown""]",,,2026.07.week07.v1,,,
77,cross_market,product_family,huawei_cloud,product_family:2,aliyun,product_family:213,close_alternative,candidate,0.8200,0.7000,,,,[],"[""source_family_tag=unknown"", ""target_family_tag=unknown""]",,,2026.07.week07.v1,,,
78,cross_market,product_family,huawei_cloud,product_family:2,aliyun,product_family:214,close_alternative,candidate,0.8200,0.7000,,,,[],"[""source_family_tag=unknown"", ""target_family_tag=unknown""]",,,2026.07.week07.v1,,,
79,cross_market,product_family,huawei_cloud,product_family:2,aliyun,product_family:211,close_alternative,candidate,0.8200,0.7000,,,,[],"[""source_family_tag=unknown"", ""target_family_tag=unknown""]",,,2026.07.week07.v1,,,
80,cross_market,product_family,huawei_cloud,product_family:2,aliyun,product_family:210,close_alternative,candidate,0.8200,0.7000,,,,[],"[""source_family_tag=unknown"", ""target_family_tag=unknown""]",,,2026.07.week07.v1,,,
81,cross_market,product_family,huawei_cloud,product_family:3,aws,product_family:18,partial_overlap,not_comparable,0.4500,0.4000,,,,"[""family_category_mismatch""]","[""source_family_tag=unknown"", ""target_family_tag=compute_optimized""]",,,2026.07.week07.v1,,,
82,cross_market,product_family,huawei_cloud,product_family:3,aliyun,product_family:212,close_alternative,candidate,0.8200,0.7000,,,,[],"[""source_family_tag=unknown"", ""target_family_tag=unknown""]",,,2026.07.week07.v1,,,
83,cross_market,product_family,huawei_cloud,product_family:3,aliyun,product_family:213,close_alternative,candidate,0.8200,0.7000,,,,[],"[""source_family_tag=unknown"", ""target_family_tag=unknown""]",,,2026.07.week07.v1,,,
84,cross_market,product_family,huawei_cloud,product_family:3,aliyun,product_family:214,close_alternative,candidate,0.8200,0.7000,,,,[],"[""source_family_tag=unknown"", ""target_family_tag=unknown""]",,,2026.07.week07.v1,,,
85,cross_market,product_family,huawei_cloud,product_family:3,aliyun,product_family:211,close_alternative,candidate,0.8200,0.7000,,,,[],"[""source_family_tag=unknown"", ""target_family_tag=unknown""]",,,2026.07.week07.v1,,,
86,cross_market,product_family,huawei_cloud,product_family:3,aliyun,product_family:210,close_alternative,candidate,0.8200,0.7000,,,,[],"[""source_family_tag=unknown"", ""target_family_tag=unknown""]",,,2026.07.week07.v1,,,
87,cross_market,product_family,huawei_cloud,product_family:5,aws,product_family:18,partial_overlap,not_comparable,0.4500,0.4000,,,,"[""family_category_mismatch""]","[""source_family_tag=unknown"", ""target_family_tag=compute_optimized""]",,,2026.07.week07.v1,,,
88,cross_market,product_family,huawei_cloud,product_family:5,aliyun,product_family:212,close_alternative,candidate,0.8200,0.7000,,,,[],"[""source_family_tag=unknown"", ""target_family_tag=unknown""]",,,2026.07.week07.v1,,,
89,cross_market,product_family,huawei_cloud,product_family:5,aliyun,product_family:213,close_alternative,candidate,0.8200,0.7000,,,,[],"[""source_family_tag=unknown"", ""target_family_tag=unknown""]",,,2026.07.week07.v1,,,
90,cross_market,product_family,huawei_cloud,product_family:5,aliyun,product_family:214,close_alternative,candidate,0.8200,0.7000,,,,[],"[""source_family_tag=unknown"", ""target_family_tag=unknown""]",,,2026.07.week07.v1,,,
91,cross_market,product_family,huawei_cloud,product_family:5,aliyun,product_family:211,close_alternative,candidate,0.8200,0.7000,,,,[],"[""source_family_tag=unknown"", ""target_family_tag=unknown""]",,,2026.07.week07.v1,,,
92,cross_market,product_family,huawei_cloud,product_family:5,aliyun,product_family:210,close_alternative,candidate,0.8200,0.7000,,,,[],"[""source_family_tag=unknown"", ""target_family_tag=unknown""]",,,2026.07.week07.v1,,,
93,cross_market,product_family,huawei_cloud,product_family:6,aws,product_family:18,partial_overlap,not_comparable,0.4500,0.4000,,,,"[""family_category_mismatch""]","[""source_family_tag=unknown"", ""target_family_tag=compute_optimized""]",,,2026.07.week07.v1,,,
94,cross_market,product_family,huawei_cloud,product_family:6,aliyun,product_family:212,close_alternative,candidate,0.8200,0.7000,,,,[],"[""source_family_tag=unknown"", ""target_family_tag=unknown""]",,,2026.07.week07.v1,,,
95,cross_market,product_family,huawei_cloud,product_family:6,aliyun,product_family:213,close_alternative,candidate,0.8200,0.7000,,,,[],"[""source_family_tag=unknown"", ""target_family_tag=unknown""]",,,2026.07.week07.v1,,,
96,cross_market,product_family,huawei_cloud,product_family:6,aliyun,product_family:214,close_alternative,candidate,0.8200,0.7000,,,,[],"[""source_family_tag=unknown"", ""target_family_tag=unknown""]",,,2026.07.week07.v1,,,
97,cross_market,product_family,huawei_cloud,product_family:6,aliyun,product_family:211,close_alternative,candidate,0.8200,0.7000,,,,[],"[""source_family_tag=unknown"", ""target_family_tag=unknown""]",,,2026.07.week07.v1,,,
98,cross_market,product_family,huawei_cloud,product_family:6,aliyun,product_family:210,close_alternative,candidate,0.8200,0.7000,,,,[],"[""source_family_tag=unknown"", ""target_family_tag=unknown""]",,,2026.07.week07.v1,,,
99,cross_market,sku,huawei_cloud,sku:16,aws,sku:43,partial_overlap,not_comparable,0.2000,0.3500,,,,"[""missing_required_field""]","[""vCPU or memory evidence missing""]",,,2026.07.week07.v1,,,
100,cross_market,sku,huawei_cloud,sku:16,aws,sku:44,partial_overlap,not_comparable,0.2000,0.3500,,,,"[""missing_required_field""]","[""vCPU or memory evidence missing""]",,,2026.07.week07.v1,,,
101,cross_market,sku,huawei_cloud,sku:16,aws,sku:45,partial_overlap,not_comparable,0.2000,0.3500,,,,"[""missing_required_field""]","[""vCPU or memory evidence missing""]",,,2026.07.week07.v1,,,
102,cross_market,sku,huawei_cloud,sku:16,aws,sku:40,partial_overlap,not_comparable,0.2000,0.3500,,,,"[""missing_required_field""]","[""vCPU or memory evidence missing""]",,,2026.07.week07.v1,,,
103,cross_market,sku,huawei_cloud,sku:16,aliyun,sku:957,close_alternative,candidate,0.9000,0.7600,,,,[],"[""same vCPU and memory do not imply performance equivalence""]",,,2026.07.week07.v1,,,
104,cross_market,sku,huawei_cloud,sku:16,aliyun,sku:934,close_alternative,candidate,0.9000,0.7600,,,,[],"[""same vCPU and memory do not imply performance equivalence""]",,,2026.07.week07.v1,,,
105,cross_market,sku,huawei_cloud,sku:16,aliyun,sku:943,close_alternative,candidate,0.9000,0.7600,,,,[],"[""same vCPU and memory do not imply performance equivalence""]",,,2026.07.week07.v1,,,
106,cross_market,sku,huawei_cloud,sku:16,aliyun,sku:950,close_alternative,candidate,0.9000,0.7600,,,,[],"[""same vCPU and memory do not imply performance equivalence""]",,,2026.07.week07.v1,,,
107,cross_market,sku,huawei_cloud,sku:23,aws,sku:43,partial_overlap,not_comparable,0.2000,0.3500,,,,"[""missing_required_field""]","[""vCPU or memory evidence missing""]",,,2026.07.week07.v1,,,
108,cross_market,sku,huawei_cloud,sku:23,aws,sku:44,partial_overlap,not_comparable,0.2000,0.3500,,,,"[""missing_required_field""]","[""vCPU or memory evidence missing""]",,,2026.07.week07.v1,,,
109,cross_market,sku,huawei_cloud,sku:23,aws,sku:45,partial_overlap,not_comparable,0.2000,0.3500,,,,"[""missing_required_field""]","[""vCPU or memory evidence missing""]",,,2026.07.week07.v1,,,
110,cross_market,sku,huawei_cloud,sku:23,aws,sku:40,partial_overlap,not_comparable,0.2000,0.3500,,,,"[""missing_required_field""]","[""vCPU or memory evidence missing""]",,,2026.07.week07.v1,,,
111,cross_market,sku,huawei_cloud,sku:23,aliyun,sku:1181,close_alternative,candidate,0.9000,0.7600,,,,[],"[""same vCPU and memory do not imply performance equivalence""]",,,2026.07.week07.v1,,,
112,cross_market,sku,huawei_cloud,sku:23,aliyun,sku:1167,close_alternative,candidate,0.9000,0.7600,,,,[],"[""same vCPU and memory do not imply performance equivalence""]",,,2026.07.week07.v1,,,
113,cross_market,sku,huawei_cloud,sku:23,aliyun,sku:1542,close_alternative,candidate,0.9000,0.7600,,,,[],"[""same vCPU and memory do not imply performance equivalence""]",,,2026.07.week07.v1,,,
114,cross_market,sku,huawei_cloud,sku:23,aliyun,sku:839,close_alternative,candidate,0.9000,0.7600,,,,[],"[""same vCPU and memory do not imply performance equivalence""]",,,2026.07.week07.v1,,,
115,cross_market,sku,huawei_cloud,sku:17,aws,sku:43,partial_overlap,not_comparable,0.2000,0.3500,,,,"[""missing_required_field""]","[""vCPU or memory evidence missing""]",,,2026.07.week07.v1,,,
116,cross_market,sku,huawei_cloud,sku:17,aws,sku:44,partial_overlap,not_comparable,0.2000,0.3500,,,,"[""missing_required_field""]","[""vCPU or memory evidence missing""]",,,2026.07.week07.v1,,,
117,cross_market,sku,huawei_cloud,sku:17,aws,sku:45,partial_overlap,not_comparable,0.2000,0.3500,,,,"[""missing_required_field""]","[""vCPU or memory evidence missing""]",,,2026.07.week07.v1,,,
118,cross_market,sku,huawei_cloud,sku:17,aws,sku:40,partial_overlap,not_comparable,0.2000,0.3500,,,,"[""missing_required_field""]","[""vCPU or memory evidence missing""]",,,2026.07.week07.v1,,,
119,cross_market,sku,huawei_cloud,sku:17,aliyun,sku:958,close_alternative,candidate,0.9000,0.7600,,,,[],"[""same vCPU and memory do not imply performance equivalence""]",,,2026.07.week07.v1,,,
120,cross_market,sku,huawei_cloud,sku:17,aliyun,sku:935,close_alternative,candidate,0.9000,0.7600,,,,[],"[""same vCPU and memory do not imply performance equivalence""]",,,2026.07.week07.v1,,,
121,cross_market,sku,huawei_cloud,sku:17,aliyun,sku:926,close_alternative,candidate,0.9000,0.7600,,,,[],"[""same vCPU and memory do not imply performance equivalence""]",,,2026.07.week07.v1,,,
122,cross_market,sku,huawei_cloud,sku:17,aliyun,sku:1407,close_alternative,candidate,0.9000,0.7600,,,,[],"[""same vCPU and memory do not imply performance equivalence""]",,,2026.07.week07.v1,,,
123,cross_market,sku,huawei_cloud,sku:24,aws,sku:43,partial_overlap,not_comparable,0.2000,0.3500,,,,"[""missing_required_field""]","[""vCPU or memory evidence missing""]",,,2026.07.week07.v1,,,
124,cross_market,sku,huawei_cloud,sku:24,aws,sku:44,partial_overlap,not_comparable,0.2000,0.3500,,,,"[""missing_required_field""]","[""vCPU or memory evidence missing""]",,,2026.07.week07.v1,,,
125,cross_market,sku,huawei_cloud,sku:24,aws,sku:45,partial_overlap,not_comparable,0.2000,0.3500,,,,"[""missing_required_field""]","[""vCPU or memory evidence missing""]",,,2026.07.week07.v1,,,
126,cross_market,sku,huawei_cloud,sku:24,aws,sku:40,partial_overlap,not_comparable,0.2000,0.3500,,,,"[""missing_required_field""]","[""vCPU or memory evidence missing""]",,,2026.07.week07.v1,,,
127,cross_market,sku,huawei_cloud,sku:24,aliyun,sku:840,close_alternative,candidate,0.9000,0.7600,,,,[],"[""same vCPU and memory do not imply performance equivalence""]",,,2026.07.week07.v1,,,
128,cross_market,sku,huawei_cloud,sku:24,aliyun,sku:817,close_alternative,candidate,0.9000,0.7600,,,,[],"[""same vCPU and memory do not imply performance equivalence""]",,,2026.07.week07.v1,,,
129,cross_market,sku,huawei_cloud,sku:24,aliyun,sku:792,close_alternative,candidate,0.9000,0.7600,,,,[],"[""same vCPU and memory do not imply performance equivalence""]",,,2026.07.week07.v1,,,
130,cross_market,sku,huawei_cloud,sku:24,aliyun,sku:1399,close_alternative,candidate,0.9000,0.7600,,,,[],"[""same vCPU and memory do not imply performance equivalence""]",,,2026.07.week07.v1,,,
131,cross_market,sku,huawei_cloud,sku:18,aws,sku:43,partial_overlap,not_comparable,0.2000,0.3500,,,,"[""missing_required_field""]","[""vCPU or memory evidence missing""]",,,2026.07.week07.v1,,,
132,cross_market,sku,huawei_cloud,sku:18,aws,sku:44,partial_overlap,not_comparable,0.2000,0.3500,,,,"[""missing_required_field""]","[""vCPU or memory evidence missing""]",,,2026.07.week07.v1,,,
133,cross_market,sku,huawei_cloud,sku:18,aws,sku:45,partial_overlap,not_comparable,0.2000,0.3500,,,,"[""missing_required_field""]","[""vCPU or memory evidence missing""]",,,2026.07.week07.v1,,,
134,cross_market,sku,huawei_cloud,sku:18,aws,sku:40,partial_overlap,not_comparable,0.2000,0.3500,,,,"[""missing_required_field""]","[""vCPU or memory evidence missing""]",,,2026.07.week07.v1,,,
135,cross_market,sku,huawei_cloud,sku:18,aliyun,sku:959,close_alternative,candidate,0.9000,0.7600,,,,[],"[""same vCPU and memory do not imply performance equivalence""]",,,2026.07.week07.v1,,,
136,cross_market,sku,huawei_cloud,sku:18,aliyun,sku:936,close_alternative,candidate,0.9000,0.7600,,,,[],"[""same vCPU and memory do not imply performance equivalence""]",,,2026.07.week07.v1,,,
137,cross_market,sku,huawei_cloud,sku:18,aliyun,sku:944,close_alternative,candidate,0.9000,0.7600,,,,[],"[""same vCPU and memory do not imply performance equivalence""]",,,2026.07.week07.v1,,,
138,cross_market,sku,huawei_cloud,sku:18,aliyun,sku:951,close_alternative,candidate,0.9000,0.7600,,,,[],"[""same vCPU and memory do not imply performance equivalence""]",,,2026.07.week07.v1,,,
139,cross_market,sku,huawei_cloud,sku:25,aws,sku:43,partial_overlap,not_comparable,0.2000,0.3500,,,,"[""missing_required_field""]","[""vCPU or memory evidence missing""]",,,2026.07.week07.v1,,,
140,cross_market,sku,huawei_cloud,sku:25,aws,sku:44,partial_overlap,not_comparable,0.2000,0.3500,,,,"[""missing_required_field""]","[""vCPU or memory evidence missing""]",,,2026.07.week07.v1,,,
141,cross_market,sku,huawei_cloud,sku:25,aws,sku:45,partial_overlap,not_comparable,0.2000,0.3500,,,,"[""missing_required_field""]","[""vCPU or memory evidence missing""]",,,2026.07.week07.v1,,,
142,cross_market,sku,huawei_cloud,sku:25,aws,sku:40,partial_overlap,not_comparable,0.2000,0.3500,,,,"[""missing_required_field""]","[""vCPU or memory evidence missing""]",,,2026.07.week07.v1,,,
143,cross_market,sku,huawei_cloud,sku:25,aliyun,sku:1182,close_alternative,candidate,0.9000,0.7600,,,,[],"[""same vCPU and memory do not imply performance equivalence""]",,,2026.07.week07.v1,,,
144,cross_market,sku,huawei_cloud,sku:25,aliyun,sku:1168,close_alternative,candidate,0.9000,0.7600,,,,[],"[""same vCPU and memory do not imply performance equivalence""]",,,2026.07.week07.v1,,,
145,cross_market,sku,huawei_cloud,sku:25,aliyun,sku:841,close_alternative,candidate,0.9000,0.7600,,,,[],"[""same vCPU and memory do not imply performance equivalence""]",,,2026.07.week07.v1,,,
146,cross_market,sku,huawei_cloud,sku:25,aliyun,sku:1444,close_alternative,candidate,0.9000,0.7600,,,,[],"[""same vCPU and memory do not imply performance equivalence""]",,,2026.07.week07.v1,,,
147,cross_market,sku,huawei_cloud,sku:19,aws,sku:43,partial_overlap,not_comparable,0.2000,0.3500,,,,"[""missing_required_field""]","[""vCPU or memory evidence missing""]",,,2026.07.week07.v1,,,
148,cross_market,sku,huawei_cloud,sku:19,aws,sku:44,partial_overlap,not_comparable,0.2000,0.3500,,,,"[""missing_required_field""]","[""vCPU or memory evidence missing""]",,,2026.07.week07.v1,,,
149,cross_market,sku,huawei_cloud,sku:19,aws,sku:45,partial_overlap,not_comparable,0.2000,0.3500,,,,"[""missing_required_field""]","[""vCPU or memory evidence missing""]",,,2026.07.week07.v1,,,
150,cross_market,sku,huawei_cloud,sku:19,aws,sku:40,partial_overlap,not_comparable,0.2000,0.3500,,,,"[""missing_required_field""]","[""vCPU or memory evidence missing""]",,,2026.07.week07.v1,,,
151,cross_market,sku,huawei_cloud,sku:19,aliyun,sku:960,close_alternative,candidate,0.9000,0.7600,,,,[],"[""same vCPU and memory do not imply performance equivalence""]",,,2026.07.week07.v1,,,
152,cross_market,sku,huawei_cloud,sku:19,aliyun,sku:937,close_alternative,candidate,0.9000,0.7600,,,,[],"[""same vCPU and memory do not imply performance equivalence""]",,,2026.07.week07.v1,,,
153,cross_market,sku,huawei_cloud,sku:19,aliyun,sku:928,close_alternative,candidate,0.9000,0.7600,,,,[],"[""same vCPU and memory do not imply performance equivalence""]",,,2026.07.week07.v1,,,
154,cross_market,sku,huawei_cloud,sku:19,aliyun,sku:1409,close_alternative,candidate,0.9000,0.7600,,,,[],"[""same vCPU and memory do not imply performance equivalence""]",,,2026.07.week07.v1,,,
155,cross_market,sku,huawei_cloud,sku:26,aws,sku:43,partial_overlap,not_comparable,0.2000,0.3500,,,,"[""missing_required_field""]","[""vCPU or memory evidence missing""]",,,2026.07.week07.v1,,,
156,cross_market,sku,huawei_cloud,sku:26,aws,sku:44,partial_overlap,not_comparable,0.2000,0.3500,,,,"[""missing_required_field""]","[""vCPU or memory evidence missing""]",,,2026.07.week07.v1,,,
157,cross_market,sku,huawei_cloud,sku:26,aws,sku:45,partial_overlap,not_comparable,0.2000,0.3500,,,,"[""missing_required_field""]","[""vCPU or memory evidence missing""]",,,2026.07.week07.v1,,,
158,cross_market,sku,huawei_cloud,sku:26,aws,sku:40,partial_overlap,not_comparable,0.2000,0.3500,,,,"[""missing_required_field""]","[""vCPU or memory evidence missing""]",,,2026.07.week07.v1,,,
159,cross_market,sku,huawei_cloud,sku:26,aliyun,sku:1183,close_alternative,candidate,0.9000,0.7600,,,,[],"[""same vCPU and memory do not imply performance equivalence""]",,,2026.07.week07.v1,,,
160,cross_market,sku,huawei_cloud,sku:26,aliyun,sku:842,close_alternative,candidate,0.9000,0.7600,,,,[],"[""same vCPU and memory do not imply performance equivalence""]",,,2026.07.week07.v1,,,
161,cross_market,sku,huawei_cloud,sku:26,aliyun,sku:819,close_alternative,candidate,0.9000,0.7600,,,,[],"[""same vCPU and memory do not imply performance equivalence""]",,,2026.07.week07.v1,,,
162,cross_market,sku,huawei_cloud,sku:26,aliyun,sku:794,close_alternative,candidate,0.9000,0.7600,,,,[],"[""same vCPU and memory do not imply performance equivalence""]",,,2026.07.week07.v1,,,
163,cross_market,sku,huawei_cloud,sku:20,aws,sku:43,partial_overlap,not_comparable,0.2000,0.3500,,,,"[""missing_required_field""]","[""vCPU or memory evidence missing""]",,,2026.07.week07.v1,,,
164,cross_market,sku,huawei_cloud,sku:20,aws,sku:44,partial_overlap,not_comparable,0.2000,0.3500,,,,"[""missing_required_field""]","[""vCPU or memory evidence missing""]",,,2026.07.week07.v1,,,
165,cross_market,sku,huawei_cloud,sku:20,aws,sku:45,partial_overlap,not_comparable,0.2000,0.3500,,,,"[""missing_required_field""]","[""vCPU or memory evidence missing""]",,,2026.07.week07.v1,,,
166,cross_market,sku,huawei_cloud,sku:20,aws,sku:40,partial_overlap,not_comparable,0.2000,0.3500,,,,"[""missing_required_field""]","[""vCPU or memory evidence missing""]",,,2026.07.week07.v1,,,
167,cross_market,sku,huawei_cloud,sku:20,aliyun,sku:961,close_alternative,candidate,0.9000,0.7600,,,,[],"[""same vCPU and memory do not imply performance equivalence""]",,,2026.07.week07.v1,,,
168,cross_market,sku,huawei_cloud,sku:20,aliyun,sku:938,close_alternative,candidate,0.9000,0.7600,,,,[],"[""same vCPU and memory do not imply performance equivalence""]",,,2026.07.week07.v1,,,
169,cross_market,sku,huawei_cloud,sku:20,aliyun,sku:945,close_alternative,candidate,0.9000,0.7600,,,,[],"[""same vCPU and memory do not imply performance equivalence""]",,,2026.07.week07.v1,,,
170,cross_market,sku,huawei_cloud,sku:20,aliyun,sku:952,close_alternative,candidate,0.9000,0.7600,,,,[],"[""same vCPU and memory do not imply performance equivalence""]",,,2026.07.week07.v1,,,
171,cross_market,sku,huawei_cloud,sku:27,aws,sku:43,partial_overlap,not_comparable,0.2000,0.3500,,,,"[""missing_required_field""]","[""vCPU or memory evidence missing""]",,,2026.07.week07.v1,,,
172,cross_market,sku,huawei_cloud,sku:27,aws,sku:44,partial_overlap,not_comparable,0.2000,0.3500,,,,"[""missing_required_field""]","[""vCPU or memory evidence missing""]",,,2026.07.week07.v1,,,
173,cross_market,sku,huawei_cloud,sku:27,aws,sku:45,partial_overlap,not_comparable,0.2000,0.3500,,,,"[""missing_required_field""]","[""vCPU or memory evidence missing""]",,,2026.07.week07.v1,,,
174,cross_market,sku,huawei_cloud,sku:27,aws,sku:40,partial_overlap,not_comparable,0.2000,0.3500,,,,"[""missing_required_field""]","[""vCPU or memory evidence missing""]",,,2026.07.week07.v1,,,
175,cross_market,sku,huawei_cloud,sku:27,aliyun,sku:1184,close_alternative,candidate,0.9000,0.7600,,,,[],"[""same vCPU and memory do not imply performance equivalence""]",,,2026.07.week07.v1,,,
176,cross_market,sku,huawei_cloud,sku:27,aliyun,sku:1185,close_alternative,candidate,0.9000,0.7600,,,,[],"[""same vCPU and memory do not imply performance equivalence""]",,,2026.07.week07.v1,,,
177,cross_market,sku,huawei_cloud,sku:27,aliyun,sku:1169,close_alternative,candidate,0.9000,0.7600,,,,[],"[""same vCPU and memory do not imply performance equivalence""]",,,2026.07.week07.v1,,,
178,cross_market,sku,huawei_cloud,sku:27,aliyun,sku:843,close_alternative,candidate,0.9000,0.7600,,,,[],"[""same vCPU and memory do not imply performance equivalence""]",,,2026.07.week07.v1,,,
179,cross_market,sku,huawei_cloud,sku:14,aws,sku:43,partial_overlap,not_comparable,0.2000,0.3500,,,,"[""missing_required_field""]","[""vCPU or memory evidence missing""]",,,2026.07.week07.v1,,,
180,cross_market,sku,huawei_cloud,sku:14,aws,sku:44,partial_overlap,not_comparable,0.2000,0.3500,,,,"[""missing_required_field""]","[""vCPU or memory evidence missing""]",,,2026.07.week07.v1,,,
181,cross_market,sku,huawei_cloud,sku:14,aws,sku:45,partial_overlap,not_comparable,0.2000,0.3500,,,,"[""missing_required_field""]","[""vCPU or memory evidence missing""]",,,2026.07.week07.v1,,,
182,cross_market,sku,huawei_cloud,sku:14,aws,sku:40,partial_overlap,not_comparable,0.2000,0.3500,,,,"[""missing_required_field""]","[""vCPU or memory evidence missing""]",,,2026.07.week07.v1,,,
183,cross_market,sku,huawei_cloud,sku:14,aliyun,sku:955,close_alternative,candidate,0.9000,0.7600,,,,[],"[""same vCPU and memory do not imply performance equivalence""]",,,2026.07.week07.v1,,,
184,cross_market,sku,huawei_cloud,sku:14,aliyun,sku:932,close_alternative,candidate,0.9000,0.7600,,,,[],"[""same vCPU and memory do not imply performance equivalence""]",,,2026.07.week07.v1,,,
185,cross_market,sku,huawei_cloud,sku:14,aliyun,sku:941,close_alternative,candidate,0.9000,0.7600,,,,[],"[""same vCPU and memory do not imply performance equivalence""]",,,2026.07.week07.v1,,,
186,cross_market,sku,huawei_cloud,sku:14,aliyun,sku:948,close_alternative,candidate,0.9000,0.7600,,,,[],"[""same vCPU and memory do not imply performance equivalence""]",,,2026.07.week07.v1,,,
187,cross_market,sku,huawei_cloud,sku:21,aws,sku:43,partial_overlap,not_comparable,0.2000,0.3500,,,,"[""missing_required_field""]","[""vCPU or memory evidence missing""]",,,2026.07.week07.v1,,,
188,cross_market,sku,huawei_cloud,sku:21,aws,sku:44,partial_overlap,not_comparable,0.2000,0.3500,,,,"[""missing_required_field""]","[""vCPU or memory evidence missing""]",,,2026.07.week07.v1,,,
189,cross_market,sku,huawei_cloud,sku:21,aws,sku:45,partial_overlap,not_comparable,0.2000,0.3500,,,,"[""missing_required_field""]","[""vCPU or memory evidence missing""]",,,2026.07.week07.v1,,,
190,cross_market,sku,huawei_cloud,sku:21,aws,sku:40,partial_overlap,not_comparable,0.2000,0.3500,,,,"[""missing_required_field""]","[""vCPU or memory evidence missing""]",,,2026.07.week07.v1,,,
191,cross_market,sku,huawei_cloud,sku:21,aliyun,sku:1538,close_alternative,candidate,0.9000,0.7600,,,,[],"[""same vCPU and memory do not imply performance equivalence""]",,,2026.07.week07.v1,,,
192,cross_market,sku,huawei_cloud,sku:21,aliyun,sku:837,close_alternative,candidate,0.9000,0.7600,,,,[],"[""same vCPU and memory do not imply performance equivalence""]",,,2026.07.week07.v1,,,
193,cross_market,sku,huawei_cloud,sku:21,aliyun,sku:1441,close_alternative,candidate,0.9000,0.7600,,,,[],"[""same vCPU and memory do not imply performance equivalence""]",,,2026.07.week07.v1,,,
194,cross_market,sku,huawei_cloud,sku:21,aliyun,sku:716,close_alternative,candidate,0.9000,0.7600,,,,[],"[""same vCPU and memory do not imply performance equivalence""]",,,2026.07.week07.v1,,,
195,cross_market,sku,huawei_cloud,sku:15,aws,sku:43,partial_overlap,not_comparable,0.2000,0.3500,,,,"[""missing_required_field""]","[""vCPU or memory evidence missing""]",,,2026.07.week07.v1,,,
196,cross_market,sku,huawei_cloud,sku:15,aws,sku:44,partial_overlap,not_comparable,0.2000,0.3500,,,,"[""missing_required_field""]","[""vCPU or memory evidence missing""]",,,2026.07.week07.v1,,,
197,cross_market,sku,huawei_cloud,sku:15,aws,sku:45,partial_overlap,not_comparable,0.2000,0.3500,,,,"[""missing_required_field""]","[""vCPU or memory evidence missing""]",,,2026.07.week07.v1,,,
198,cross_market,sku,huawei_cloud,sku:15,aws,sku:40,partial_overlap,not_comparable,0.2000,0.3500,,,,"[""missing_required_field""]","[""vCPU or memory evidence missing""]",,,2026.07.week07.v1,,,
199,cross_market,sku,huawei_cloud,sku:15,aliyun,sku:956,close_alternative,candidate,0.9000,0.7600,,,,[],"[""same vCPU and memory do not imply performance equivalence""]",,,2026.07.week07.v1,,,
200,cross_market,sku,huawei_cloud,sku:15,aliyun,sku:933,close_alternative,candidate,0.9000,0.7600,,,,[],"[""same vCPU and memory do not imply performance equivalence""]",,,2026.07.week07.v1,,,
201,cross_market,sku,huawei_cloud,sku:15,aliyun,sku:942,close_alternative,candidate,0.9000,0.7600,,,,[],"[""same vCPU and memory do not imply performance equivalence""]",,,2026.07.week07.v1,,,
202,cross_market,sku,huawei_cloud,sku:15,aliyun,sku:949,close_alternative,candidate,0.9000,0.7600,,,,[],"[""same vCPU and memory do not imply performance equivalence""]",,,2026.07.week07.v1,,,
203,cross_market,sku,huawei_cloud,sku:22,aws,sku:43,partial_overlap,not_comparable,0.2000,0.3500,,,,"[""missing_required_field""]","[""vCPU or memory evidence missing""]",,,2026.07.week07.v1,,,
204,cross_market,sku,huawei_cloud,sku:22,aws,sku:44,partial_overlap,not_comparable,0.2000,0.3500,,,,"[""missing_required_field""]","[""vCPU or memory evidence missing""]",,,2026.07.week07.v1,,,
205,cross_market,sku,huawei_cloud,sku:22,aws,sku:45,partial_overlap,not_comparable,0.2000,0.3500,,,,"[""missing_required_field""]","[""vCPU or memory evidence missing""]",,,2026.07.week07.v1,,,
206,cross_market,sku,huawei_cloud,sku:22,aws,sku:40,partial_overlap,not_comparable,0.2000,0.3500,,,,"[""missing_required_field""]","[""vCPU or memory evidence missing""]",,,2026.07.week07.v1,,,
207,cross_market,sku,huawei_cloud,sku:22,aliyun,sku:1540,close_alternative,candidate,0.9000,0.7600,,,,[],"[""same vCPU and memory do not imply performance equivalence""]",,,2026.07.week07.v1,,,
208,cross_market,sku,huawei_cloud,sku:22,aliyun,sku:838,close_alternative,candidate,0.9000,0.7600,,,,[],"[""same vCPU and memory do not imply performance equivalence""]",,,2026.07.week07.v1,,,
209,cross_market,sku,huawei_cloud,sku:22,aliyun,sku:1442,close_alternative,candidate,0.9000,0.7600,,,,[],"[""same vCPU and memory do not imply performance equivalence""]",,,2026.07.week07.v1,,,
210,cross_market,sku,huawei_cloud,sku:22,aliyun,sku:815,close_alternative,candidate,0.9000,0.7600,,,,[],"[""same vCPU and memory do not imply performance equivalence""]",,,2026.07.week07.v1,,,
211,cross_market,sku,huawei_cloud,sku:30,aws,sku:43,partial_overlap,not_comparable,0.2000,0.3500,,,,"[""missing_required_field""]","[""vCPU or memory evidence missing""]",,,2026.07.week07.v1,,,
212,cross_market,sku,huawei_cloud,sku:30,aws,sku:44,partial_overlap,not_comparable,0.2000,0.3500,,,,"[""missing_required_field""]","[""vCPU or memory evidence missing""]",,,2026.07.week07.v1,,,
213,cross_market,sku,huawei_cloud,sku:30,aws,sku:45,partial_overlap,not_comparable,0.2000,0.3500,,,,"[""missing_required_field""]","[""vCPU or memory evidence missing""]",,,2026.07.week07.v1,,,
214,cross_market,sku,huawei_cloud,sku:30,aws,sku:40,partial_overlap,not_comparable,0.2000,0.3500,,,,"[""missing_required_field""]","[""vCPU or memory evidence missing""]",,,2026.07.week07.v1,,,
215,cross_market,sku,huawei_cloud,sku:30,aliyun,sku:957,close_alternative,candidate,0.9000,0.7600,,,,[],"[""same vCPU and memory do not imply performance equivalence""]",,,2026.07.week07.v1,,,
216,cross_market,sku,huawei_cloud,sku:30,aliyun,sku:934,close_alternative,candidate,0.9000,0.7600,,,,[],"[""same vCPU and memory do not imply performance equivalence""]",,,2026.07.week07.v1,,,
217,cross_market,sku,huawei_cloud,sku:30,aliyun,sku:943,close_alternative,candidate,0.9000,0.7600,,,,[],"[""same vCPU and memory do not imply performance equivalence""]",,,2026.07.week07.v1,,,
218,cross_market,sku,huawei_cloud,sku:30,aliyun,sku:950,close_alternative,candidate,0.9000,0.7600,,,,[],"[""same vCPU and memory do not imply performance equivalence""]",,,2026.07.week07.v1,,,
219,cross_market,sku,huawei_cloud,sku:35,aws,sku:43,partial_overlap,not_comparable,0.2000,0.3500,,,,"[""missing_required_field""]","[""vCPU or memory evidence missing""]",,,2026.07.week07.v1,,,
220,cross_market,sku,huawei_cloud,sku:35,aws,sku:44,partial_overlap,not_comparable,0.2000,0.3500,,,,"[""missing_required_field""]","[""vCPU or memory evidence missing""]",,,2026.07.week07.v1,,,
221,cross_market,sku,huawei_cloud,sku:35,aws,sku:45,partial_overlap,not_comparable,0.2000,0.3500,,,,"[""missing_required_field""]","[""vCPU or memory evidence missing""]",,,2026.07.week07.v1,,,
222,cross_market,sku,huawei_cloud,sku:35,aws,sku:40,partial_overlap,not_comparable,0.2000,0.3500,,,,"[""missing_required_field""]","[""vCPU or memory evidence missing""]",,,2026.07.week07.v1,,,
223,cross_market,sku,huawei_cloud,sku:35,aliyun,sku:1181,close_alternative,candidate,0.9000,0.7600,,,,[],"[""same vCPU and memory do not imply performance equivalence""]",,,2026.07.week07.v1,,,
224,cross_market,sku,huawei_cloud,sku:35,aliyun,sku:1167,close_alternative,candidate,0.9000,0.7600,,,,[],"[""same vCPU and memory do not imply performance equivalence""]",,,2026.07.week07.v1,,,
225,cross_market,sku,huawei_cloud,sku:35,aliyun,sku:1542,close_alternative,candidate,0.9000,0.7600,,,,[],"[""same vCPU and memory do not imply performance equivalence""]",,,2026.07.week07.v1,,,
226,cross_market,sku,huawei_cloud,sku:35,aliyun,sku:839,close_alternative,candidate,0.9000,0.7600,,,,[],"[""same vCPU and memory do not imply performance equivalence""]",,,2026.07.week07.v1,,,
227,cross_market,sku,huawei_cloud,sku:31,aws,sku:43,partial_overlap,not_comparable,0.2000,0.3500,,,,"[""missing_required_field""]","[""vCPU or memory evidence missing""]",,,2026.07.week07.v1,,,
228,cross_market,sku,huawei_cloud,sku:31,aws,sku:44,partial_overlap,not_comparable,0.2000,0.3500,,,,"[""missing_required_field""]","[""vCPU or memory evidence missing""]",,,2026.07.week07.v1,,,
229,cross_market,sku,huawei_cloud,sku:31,aws,sku:45,partial_overlap,not_comparable,0.2000,0.3500,,,,"[""missing_required_field""]","[""vCPU or memory evidence missing""]",,,2026.07.week07.v1,,,
230,cross_market,sku,huawei_cloud,sku:31,aws,sku:40,partial_overlap,not_comparable,0.2000,0.3500,,,,"[""missing_required_field""]","[""vCPU or memory evidence missing""]",,,2026.07.week07.v1,,,
231,cross_market,sku,huawei_cloud,sku:31,aliyun,sku:959,close_alternative,candidate,0.9000,0.7600,,,,[],"[""same vCPU and memory do not imply performance equivalence""]",,,2026.07.week07.v1,,,
232,cross_market,sku,huawei_cloud,sku:31,aliyun,sku:936,close_alternative,candidate,0.9000,0.7600,,,,[],"[""same vCPU and memory do not imply performance equivalence""]",,,2026.07.week07.v1,,,
233,cross_market,sku,huawei_cloud,sku:31,aliyun,sku:944,close_alternative,candidate,0.9000,0.7600,,,,[],"[""same vCPU and memory do not imply performance equivalence""]",,,2026.07.week07.v1,,,
234,cross_market,sku,huawei_cloud,sku:31,aliyun,sku:951,close_alternative,candidate,0.9000,0.7600,,,,[],"[""same vCPU and memory do not imply performance equivalence""]",,,2026.07.week07.v1,,,
235,cross_market,sku,huawei_cloud,sku:36,aws,sku:43,partial_overlap,not_comparable,0.2000,0.3500,,,,"[""missing_required_field""]","[""vCPU or memory evidence missing""]",,,2026.07.week07.v1,,,
236,cross_market,sku,huawei_cloud,sku:36,aws,sku:44,partial_overlap,not_comparable,0.2000,0.3500,,,,"[""missing_required_field""]","[""vCPU or memory evidence missing""]",,,2026.07.week07.v1,,,
237,cross_market,sku,huawei_cloud,sku:36,aws,sku:45,partial_overlap,not_comparable,0.2000,0.3500,,,,"[""missing_required_field""]","[""vCPU or memory evidence missing""]",,,2026.07.week07.v1,,,
238,cross_market,sku,huawei_cloud,sku:36,aws,sku:40,partial_overlap,not_comparable,0.2000,0.3500,,,,"[""missing_required_field""]","[""vCPU or memory evidence missing""]",,,2026.07.week07.v1,,,
239,cross_market,sku,huawei_cloud,sku:36,aliyun,sku:1182,close_alternative,candidate,0.9000,0.7600,,,,[],"[""same vCPU and memory do not imply performance equivalence""]",,,2026.07.week07.v1,,,
240,cross_market,sku,huawei_cloud,sku:36,aliyun,sku:1168,close_alternative,candidate,0.9000,0.7600,,,,[],"[""same vCPU and memory do not imply performance equivalence""]",,,2026.07.week07.v1,,,
241,cross_market,sku,huawei_cloud,sku:36,aliyun,sku:841,close_alternative,candidate,0.9000,0.7600,,,,[],"[""same vCPU and memory do not imply performance equivalence""]",,,2026.07.week07.v1,,,
242,cross_market,sku,huawei_cloud,sku:36,aliyun,sku:1444,close_alternative,candidate,0.9000,0.7600,,,,[],"[""same vCPU and memory do not imply performance equivalence""]",,,2026.07.week07.v1,,,
243,cross_market,sku,huawei_cloud,sku:32,aws,sku:43,partial_overlap,not_comparable,0.2000,0.3500,,,,"[""missing_required_field""]","[""vCPU or memory evidence missing""]",,,2026.07.week07.v1,,,
244,cross_market,sku,huawei_cloud,sku:32,aws,sku:44,partial_overlap,not_comparable,0.2000,0.3500,,,,"[""missing_required_field""]","[""vCPU or memory evidence missing""]",,,2026.07.week07.v1,,,
245,cross_market,sku,huawei_cloud,sku:32,aws,sku:45,partial_overlap,not_comparable,0.2000,0.3500,,,,"[""missing_required_field""]","[""vCPU or memory evidence missing""]",,,2026.07.week07.v1,,,
246,cross_market,sku,huawei_cloud,sku:32,aws,sku:40,partial_overlap,not_comparable,0.2000,0.3500,,,,"[""missing_required_field""]","[""vCPU or memory evidence missing""]",,,2026.07.week07.v1,,,
247,cross_market,sku,huawei_cloud,sku:32,aliyun,sku:961,close_alternative,candidate,0.9000,0.7600,,,,[],"[""same vCPU and memory do not imply performance equivalence""]",,,2026.07.week07.v1,,,
248,cross_market,sku,huawei_cloud,sku:32,aliyun,sku:938,close_alternative,candidate,0.9000,0.7600,,,,[],"[""same vCPU and memory do not imply performance equivalence""]",,,2026.07.week07.v1,,,
249,cross_market,sku,huawei_cloud,sku:32,aliyun,sku:945,close_alternative,candidate,0.9000,0.7600,,,,[],"[""same vCPU and memory do not imply performance equivalence""]",,,2026.07.week07.v1,,,
250,cross_market,sku,huawei_cloud,sku:32,aliyun,sku:952,close_alternative,candidate,0.9000,0.7600,,,,[],"[""same vCPU and memory do not imply performance equivalence""]",,,2026.07.week07.v1,,,
251,cross_market,sku,huawei_cloud,sku:37,aws,sku:43,partial_overlap,not_comparable,0.2000,0.3500,,,,"[""missing_required_field""]","[""vCPU or memory evidence missing""]",,,2026.07.week07.v1,,,
252,cross_market,sku,huawei_cloud,sku:37,aws,sku:44,partial_overlap,not_comparable,0.2000,0.3500,,,,"[""missing_required_field""]","[""vCPU or memory evidence missing""]",,,2026.07.week07.v1,,,
253,cross_market,sku,huawei_cloud,sku:37,aws,sku:45,partial_overlap,not_comparable,0.2000,0.3500,,,,"[""missing_required_field""]","[""vCPU or memory evidence missing""]",,,2026.07.week07.v1,,,
254,cross_market,sku,huawei_cloud,sku:37,aws,sku:40,partial_overlap,not_comparable,0.2000,0.3500,,,,"[""missing_required_field""]","[""vCPU or memory evidence missing""]",,,2026.07.week07.v1,,,
255,cross_market,sku,huawei_cloud,sku:37,aliyun,sku:1184,close_alternative,candidate,0.9000,0.7600,,,,[],"[""same vCPU and memory do not imply performance equivalence""]",,,2026.07.week07.v1,,,
256,cross_market,sku,huawei_cloud,sku:37,aliyun,sku:1185,close_alternative,candidate,0.9000,0.7600,,,,[],"[""same vCPU and memory do not imply performance equivalence""]",,,2026.07.week07.v1,,,
257,cross_market,sku,huawei_cloud,sku:37,aliyun,sku:1169,close_alternative,candidate,0.9000,0.7600,,,,[],"[""same vCPU and memory do not imply performance equivalence""]",,,2026.07.week07.v1,,,
258,cross_market,sku,huawei_cloud,sku:37,aliyun,sku:843,close_alternative,candidate,0.9000,0.7600,,,,[],"[""same vCPU and memory do not imply performance equivalence""]",,,2026.07.week07.v1,,,
259,cross_market,sku,huawei_cloud,sku:28,aws,sku:43,partial_overlap,not_comparable,0.2000,0.3500,,,,"[""missing_required_field""]","[""vCPU or memory evidence missing""]",,,2026.07.week07.v1,,,
260,cross_market,sku,huawei_cloud,sku:28,aws,sku:44,partial_overlap,not_comparable,0.2000,0.3500,,,,"[""missing_required_field""]","[""vCPU or memory evidence missing""]",,,2026.07.week07.v1,,,
261,cross_market,sku,huawei_cloud,sku:28,aws,sku:45,partial_overlap,not_comparable,0.2000,0.3500,,,,"[""missing_required_field""]","[""vCPU or memory evidence missing""]",,,2026.07.week07.v1,,,
262,cross_market,sku,huawei_cloud,sku:28,aws,sku:40,partial_overlap,not_comparable,0.2000,0.3500,,,,"[""missing_required_field""]","[""vCPU or memory evidence missing""]",,,2026.07.week07.v1,,,
263,cross_market,sku,huawei_cloud,sku:28,aliyun,sku:955,close_alternative,candidate,0.9000,0.7600,,,,[],"[""same vCPU and memory do not imply performance equivalence""]",,,2026.07.week07.v1,,,
264,cross_market,sku,huawei_cloud,sku:28,aliyun,sku:932,close_alternative,candidate,0.9000,0.7600,,,,[],"[""same vCPU and memory do not imply performance equivalence""]",,,2026.07.week07.v1,,,
265,cross_market,sku,huawei_cloud,sku:28,aliyun,sku:941,close_alternative,candidate,0.9000,0.7600,,,,[],"[""same vCPU and memory do not imply performance equivalence""]",,,2026.07.week07.v1,,,
266,cross_market,sku,huawei_cloud,sku:28,aliyun,sku:948,close_alternative,candidate,0.9000,0.7600,,,,[],"[""same vCPU and memory do not imply performance equivalence""]",,,2026.07.week07.v1,,,
267,cross_market,sku,huawei_cloud,sku:33,aws,sku:43,partial_overlap,not_comparable,0.2000,0.3500,,,,"[""missing_required_field""]","[""vCPU or memory evidence missing""]",,,2026.07.week07.v1,,,
268,cross_market,sku,huawei_cloud,sku:33,aws,sku:44,partial_overlap,not_comparable,0.2000,0.3500,,,,"[""missing_required_field""]","[""vCPU or memory evidence missing""]",,,2026.07.week07.v1,,,
269,cross_market,sku,huawei_cloud,sku:33,aws,sku:45,partial_overlap,not_comparable,0.2000,0.3500,,,,"[""missing_required_field""]","[""vCPU or memory evidence missing""]",,,2026.07.week07.v1,,,
270,cross_market,sku,huawei_cloud,sku:33,aws,sku:40,partial_overlap,not_comparable,0.2000,0.3500,,,,"[""missing_required_field""]","[""vCPU or memory evidence missing""]",,,2026.07.week07.v1,,,
271,cross_market,sku,huawei_cloud,sku:33,aliyun,sku:1538,close_alternative,candidate,0.9000,0.7600,,,,[],"[""same vCPU and memory do not imply performance equivalence""]",,,2026.07.week07.v1,,,
272,cross_market,sku,huawei_cloud,sku:33,aliyun,sku:837,close_alternative,candidate,0.9000,0.7600,,,,[],"[""same vCPU and memory do not imply performance equivalence""]",,,2026.07.week07.v1,,,
273,cross_market,sku,huawei_cloud,sku:33,aliyun,sku:1441,close_alternative,candidate,0.9000,0.7600,,,,[],"[""same vCPU and memory do not imply performance equivalence""]",,,2026.07.week07.v1,,,
274,cross_market,sku,huawei_cloud,sku:33,aliyun,sku:716,close_alternative,candidate,0.9000,0.7600,,,,[],"[""same vCPU and memory do not imply performance equivalence""]",,,2026.07.week07.v1,,,
275,cross_market,sku,huawei_cloud,sku:29,aws,sku:43,partial_overlap,not_comparable,0.2000,0.3500,,,,"[""missing_required_field""]","[""vCPU or memory evidence missing""]",,,2026.07.week07.v1,,,
276,cross_market,sku,huawei_cloud,sku:29,aws,sku:44,partial_overlap,not_comparable,0.2000,0.3500,,,,"[""missing_required_field""]","[""vCPU or memory evidence missing""]",,,2026.07.week07.v1,,,
277,cross_market,sku,huawei_cloud,sku:29,aws,sku:45,partial_overlap,not_comparable,0.2000,0.3500,,,,"[""missing_required_field""]","[""vCPU or memory evidence missing""]",,,2026.07.week07.v1,,,
278,cross_market,sku,huawei_cloud,sku:29,aws,sku:40,partial_overlap,not_comparable,0.2000,0.3500,,,,"[""missing_required_field""]","[""vCPU or memory evidence missing""]",,,2026.07.week07.v1,,,
279,cross_market,sku,huawei_cloud,sku:29,aliyun,sku:956,close_alternative,candidate,0.9000,0.7600,,,,[],"[""same vCPU and memory do not imply performance equivalence""]",,,2026.07.week07.v1,,,
280,cross_market,sku,huawei_cloud,sku:29,aliyun,sku:933,close_alternative,candidate,0.9000,0.7600,,,,[],"[""same vCPU and memory do not imply performance equivalence""]",,,2026.07.week07.v1,,,
281,cross_market,sku,huawei_cloud,sku:29,aliyun,sku:942,close_alternative,candidate,0.9000,0.7600,,,,[],"[""same vCPU and memory do not imply performance equivalence""]",,,2026.07.week07.v1,,,
282,cross_market,sku,huawei_cloud,sku:29,aliyun,sku:949,close_alternative,candidate,0.9000,0.7600,,,,[],"[""same vCPU and memory do not imply performance equivalence""]",,,2026.07.week07.v1,,,
283,cross_market,sku,huawei_cloud,sku:34,aws,sku:43,partial_overlap,not_comparable,0.2000,0.3500,,,,"[""missing_required_field""]","[""vCPU or memory evidence missing""]",,,2026.07.week07.v1,,,
284,cross_market,sku,huawei_cloud,sku:34,aws,sku:44,partial_overlap,not_comparable,0.2000,0.3500,,,,"[""missing_required_field""]","[""vCPU or memory evidence missing""]",,,2026.07.week07.v1,,,
285,cross_market,sku,huawei_cloud,sku:34,aws,sku:45,partial_overlap,not_comparable,0.2000,0.3500,,,,"[""missing_required_field""]","[""vCPU or memory evidence missing""]",,,2026.07.week07.v1,,,
286,cross_market,sku,huawei_cloud,sku:34,aws,sku:40,partial_overlap,not_comparable,0.2000,0.3500,,,,"[""missing_required_field""]","[""vCPU or memory evidence missing""]",,,2026.07.week07.v1,,,
287,cross_market,sku,huawei_cloud,sku:34,aliyun,sku:1540,close_alternative,candidate,0.9000,0.7600,,,,[],"[""same vCPU and memory do not imply performance equivalence""]",,,2026.07.week07.v1,,,
288,cross_market,sku,huawei_cloud,sku:34,aliyun,sku:838,close_alternative,candidate,0.9000,0.7600,,,,[],"[""same vCPU and memory do not imply performance equivalence""]",,,2026.07.week07.v1,,,
289,cross_market,sku,huawei_cloud,sku:34,aliyun,sku:1442,close_alternative,candidate,0.9000,0.7600,,,,[],"[""same vCPU and memory do not imply performance equivalence""]",,,2026.07.week07.v1,,,
290,cross_market,sku,huawei_cloud,sku:34,aliyun,sku:815,close_alternative,candidate,0.9000,0.7600,,,,[],"[""same vCPU and memory do not imply performance equivalence""]",,,2026.07.week07.v1,,,
291,cross_market,sku,huawei_cloud,sku:4,aws,sku:43,partial_overlap,not_comparable,0.2000,0.3500,,,,"[""missing_required_field""]","[""vCPU or memory evidence missing""]",,,2026.07.week07.v1,,,
292,cross_market,sku,huawei_cloud,sku:4,aws,sku:44,partial_overlap,not_comparable,0.2000,0.3500,,,,"[""missing_required_field""]","[""vCPU or memory evidence missing""]",,,2026.07.week07.v1,,,
293,cross_market,sku,huawei_cloud,sku:4,aws,sku:45,partial_overlap,not_comparable,0.2000,0.3500,,,,"[""missing_required_field""]","[""vCPU or memory evidence missing""]",,,2026.07.week07.v1,,,
294,cross_market,sku,huawei_cloud,sku:4,aws,sku:40,partial_overlap,not_comparable,0.2000,0.3500,,,,"[""missing_required_field""]","[""vCPU or memory evidence missing""]",,,2026.07.week07.v1,,,
295,cross_market,sku,huawei_cloud,sku:4,aliyun,sku:1473,close_alternative,candidate,0.9000,0.7600,,,,[],"[""same vCPU and memory do not imply performance equivalence""]",,,2026.07.week07.v1,,,
296,cross_market,sku,huawei_cloud,sku:4,aliyun,sku:965,close_alternative,candidate,0.9000,0.7600,,,,[],"[""same vCPU and memory do not imply performance equivalence""]",,,2026.07.week07.v1,,,
297,cross_market,sku,huawei_cloud,sku:4,aliyun,sku:1561,close_alternative,candidate,0.9000,0.7600,,,,[],"[""same vCPU and memory do not imply performance equivalence""]",,,2026.07.week07.v1,,,
298,cross_market,sku,huawei_cloud,sku:4,aliyun,sku:1151,close_alternative,candidate,0.9000,0.7600,,,,[],"[""same vCPU and memory do not imply performance equivalence""]",,,2026.07.week07.v1,,,
299,cross_market,sku,huawei_cloud,sku:9,aws,sku:43,partial_overlap,not_comparable,0.2000,0.3500,,,,"[""missing_required_field""]","[""vCPU or memory evidence missing""]",,,2026.07.week07.v1,,,
300,cross_market,sku,huawei_cloud,sku:9,aws,sku:44,partial_overlap,not_comparable,0.2000,0.3500,,,,"[""missing_required_field""]","[""vCPU or memory evidence missing""]",,,2026.07.week07.v1,,,
301,cross_market,sku,huawei_cloud,sku:9,aws,sku:45,partial_overlap,not_comparable,0.2000,0.3500,,,,"[""missing_required_field""]","[""vCPU or memory evidence missing""]",,,2026.07.week07.v1,,,
302,cross_market,sku,huawei_cloud,sku:9,aws,sku:40,partial_overlap,not_comparable,0.2000,0.3500,,,,"[""missing_required_field""]","[""vCPU or memory evidence missing""]",,,2026.07.week07.v1,,,
303,cross_market,sku,huawei_cloud,sku:9,aliyun,sku:957,close_alternative,candidate,0.9000,0.7600,,,,[],"[""same vCPU and memory do not imply performance equivalence""]",,,2026.07.week07.v1,,,
304,cross_market,sku,huawei_cloud,sku:9,aliyun,sku:934,close_alternative,candidate,0.9000,0.7600,,,,[],"[""same vCPU and memory do not imply performance equivalence""]",,,2026.07.week07.v1,,,
305,cross_market,sku,huawei_cloud,sku:9,aliyun,sku:943,close_alternative,candidate,0.9000,0.7600,,,,[],"[""same vCPU and memory do not imply performance equivalence""]",,,2026.07.week07.v1,,,
306,cross_market,sku,huawei_cloud,sku:9,aliyun,sku:950,close_alternative,candidate,0.9000,0.7600,,,,[],"[""same vCPU and memory do not imply performance equivalence""]",,,2026.07.week07.v1,,,
307,cross_market,sku,huawei_cloud,sku:13,aws,sku:43,partial_overlap,not_comparable,0.2000,0.3500,,,,"[""missing_required_field""]","[""vCPU or memory evidence missing""]",,,2026.07.week07.v1,,,
308,cross_market,sku,huawei_cloud,sku:13,aws,sku:44,partial_overlap,not_comparable,0.2000,0.3500,,,,"[""missing_required_field""]","[""vCPU or memory evidence missing""]",,,2026.07.week07.v1,,,
309,cross_market,sku,huawei_cloud,sku:13,aws,sku:45,partial_overlap,not_comparable,0.2000,0.3500,,,,"[""missing_required_field""]","[""vCPU or memory evidence missing""]",,,2026.07.week07.v1,,,
310,cross_market,sku,huawei_cloud,sku:13,aws,sku:40,partial_overlap,not_comparable,0.2000,0.3500,,,,"[""missing_required_field""]","[""vCPU or memory evidence missing""]",,,2026.07.week07.v1,,,
311,cross_market,sku,huawei_cloud,sku:13,aliyun,sku:1181,close_alternative,candidate,0.9000,0.7600,,,,[],"[""same vCPU and memory do not imply performance equivalence""]",,,2026.07.week07.v1,,,
312,cross_market,sku,huawei_cloud,sku:13,aliyun,sku:1167,close_alternative,candidate,0.9000,0.7600,,,,[],"[""same vCPU and memory do not imply performance equivalence""]",,,2026.07.week07.v1,,,
313,cross_market,sku,huawei_cloud,sku:13,aliyun,sku:1542,close_alternative,candidate,0.9000,0.7600,,,,[],"[""same vCPU and memory do not imply performance equivalence""]",,,2026.07.week07.v1,,,
314,cross_market,sku,huawei_cloud,sku:13,aliyun,sku:839,close_alternative,candidate,0.9000,0.7600,,,,[],"[""same vCPU and memory do not imply performance equivalence""]",,,2026.07.week07.v1,,,
315,cross_market,sku,huawei_cloud,sku:5,aws,sku:43,partial_overlap,not_comparable,0.2000,0.3500,,,,"[""missing_required_field""]","[""vCPU or memory evidence missing""]",,,2026.07.week07.v1,,,
316,cross_market,sku,huawei_cloud,sku:5,aws,sku:44,partial_overlap,not_comparable,0.2000,0.3500,,,,"[""missing_required_field""]","[""vCPU or memory evidence missing""]",,,2026.07.week07.v1,,,
317,cross_market,sku,huawei_cloud,sku:5,aws,sku:45,partial_overlap,not_comparable,0.2000,0.3500,,,,"[""missing_required_field""]","[""vCPU or memory evidence missing""]",,,2026.07.week07.v1,,,
318,cross_market,sku,huawei_cloud,sku:5,aws,sku:40,partial_overlap,not_comparable,0.2000,0.3500,,,,"[""missing_required_field""]","[""vCPU or memory evidence missing""]",,,2026.07.week07.v1,,,
319,cross_market,sku,huawei_cloud,sku:5,aliyun,sku:1475,close_alternative,candidate,0.9000,0.7600,,,,[],"[""same vCPU and memory do not imply performance equivalence""]",,,2026.07.week07.v1,,,
320,cross_market,sku,huawei_cloud,sku:5,aliyun,sku:967,close_alternative,candidate,0.9000,0.7600,,,,[],"[""same vCPU and memory do not imply performance equivalence""]",,,2026.07.week07.v1,,,
321,cross_market,sku,huawei_cloud,sku:5,aliyun,sku:1564,close_alternative,candidate,0.9000,0.7600,,,,[],"[""same vCPU and memory do not imply performance equivalence""]",,,2026.07.week07.v1,,,
322,cross_market,sku,huawei_cloud,sku:5,aliyun,sku:1159,close_alternative,candidate,0.9000,0.7600,,,,[],"[""same vCPU and memory do not imply performance equivalence""]",,,2026.07.week07.v1,,,
323,cross_market,sku,huawei_cloud,sku:10,aws,sku:43,partial_overlap,not_comparable,0.2000,0.3500,,,,"[""missing_required_field""]","[""vCPU or memory evidence missing""]",,,2026.07.week07.v1,,,
324,cross_market,sku,huawei_cloud,sku:10,aws,sku:44,partial_overlap,not_comparable,0.2000,0.3500,,,,"[""missing_required_field""]","[""vCPU or memory evidence missing""]",,,2026.07.week07.v1,,,
325,cross_market,sku,huawei_cloud,sku:10,aws,sku:45,partial_overlap,not_comparable,0.2000,0.3500,,,,"[""missing_required_field""]","[""vCPU or memory evidence missing""]",,,2026.07.week07.v1,,,
326,cross_market,sku,huawei_cloud,sku:10,aws,sku:40,partial_overlap,not_comparable,0.2000,0.3500,,,,"[""missing_required_field""]","[""vCPU or memory evidence missing""]",,,2026.07.week07.v1,,,
327,cross_market,sku,huawei_cloud,sku:10,aliyun,sku:959,close_alternative,candidate,0.9000,0.7600,,,,[],"[""same vCPU and memory do not imply performance equivalence""]",,,2026.07.week07.v1,,,
328,cross_market,sku,huawei_cloud,sku:10,aliyun,sku:936,close_alternative,candidate,0.9000,0.7600,,,,[],"[""same vCPU and memory do not imply performance equivalence""]",,,2026.07.week07.v1,,,
329,cross_market,sku,huawei_cloud,sku:10,aliyun,sku:944,close_alternative,candidate,0.9000,0.7600,,,,[],"[""same vCPU and memory do not imply performance equivalence""]",,,2026.07.week07.v1,,,
330,cross_market,sku,huawei_cloud,sku:10,aliyun,sku:951,close_alternative,candidate,0.9000,0.7600,,,,[],"[""same vCPU and memory do not imply performance equivalence""]",,,2026.07.week07.v1,,,
331,cross_market,sku,huawei_cloud,sku:2,aws,sku:43,partial_overlap,not_comparable,0.2000,0.3500,,,,"[""missing_required_field""]","[""vCPU or memory evidence missing""]",,,2026.07.week07.v1,,,
332,cross_market,sku,huawei_cloud,sku:2,aws,sku:44,partial_overlap,not_comparable,0.2000,0.3500,,,,"[""missing_required_field""]","[""vCPU or memory evidence missing""]",,,2026.07.week07.v1,,,
333,cross_market,sku,huawei_cloud,sku:2,aws,sku:45,partial_overlap,not_comparable,0.2000,0.3500,,,,"[""missing_required_field""]","[""vCPU or memory evidence missing""]",,,2026.07.week07.v1,,,
334,cross_market,sku,huawei_cloud,sku:2,aws,sku:40,partial_overlap,not_comparable,0.2000,0.3500,,,,"[""missing_required_field""]","[""vCPU or memory evidence missing""]",,,2026.07.week07.v1,,,
335,cross_market,sku,huawei_cloud,sku:2,aliyun,sku:1471,close_alternative,candidate,0.9000,0.7600,,,,[],"[""same vCPU and memory do not imply performance equivalence""]",,,2026.07.week07.v1,,,
336,cross_market,sku,huawei_cloud,sku:2,aliyun,sku:1536,close_alternative,candidate,0.9000,0.7600,,,,[],"[""same vCPU and memory do not imply performance equivalence""]",,,2026.07.week07.v1,,,
337,cross_market,sku,huawei_cloud,sku:2,aliyun,sku:963,close_alternative,candidate,0.9000,0.7600,,,,[],"[""same vCPU and memory do not imply performance equivalence""]",,,2026.07.week07.v1,,,
338,cross_market,sku,huawei_cloud,sku:2,aliyun,sku:1555,close_alternative,candidate,0.9000,0.7600,,,,[],"[""same vCPU and memory do not imply performance equivalence""]",,,2026.07.week07.v1,,,
339,cross_market,sku,huawei_cloud,sku:7,aws,sku:43,partial_overlap,not_comparable,0.2000,0.3500,,,,"[""missing_required_field""]","[""vCPU or memory evidence missing""]",,,2026.07.week07.v1,,,
340,cross_market,sku,huawei_cloud,sku:7,aws,sku:44,partial_overlap,not_comparable,0.2000,0.3500,,,,"[""missing_required_field""]","[""vCPU or memory evidence missing""]",,,2026.07.week07.v1,,,
341,cross_market,sku,huawei_cloud,sku:7,aws,sku:45,partial_overlap,not_comparable,0.2000,0.3500,,,,"[""missing_required_field""]","[""vCPU or memory evidence missing""]",,,2026.07.week07.v1,,,
342,cross_market,sku,huawei_cloud,sku:7,aws,sku:40,partial_overlap,not_comparable,0.2000,0.3500,,,,"[""missing_required_field""]","[""vCPU or memory evidence missing""]",,,2026.07.week07.v1,,,
343,cross_market,sku,huawei_cloud,sku:7,aliyun,sku:955,close_alternative,candidate,0.9000,0.7600,,,,[],"[""same vCPU and memory do not imply performance equivalence""]",,,2026.07.week07.v1,,,
344,cross_market,sku,huawei_cloud,sku:7,aliyun,sku:932,close_alternative,candidate,0.9000,0.7600,,,,[],"[""same vCPU and memory do not imply performance equivalence""]",,,2026.07.week07.v1,,,
345,cross_market,sku,huawei_cloud,sku:7,aliyun,sku:941,close_alternative,candidate,0.9000,0.7600,,,,[],"[""same vCPU and memory do not imply performance equivalence""]",,,2026.07.week07.v1,,,
346,cross_market,sku,huawei_cloud,sku:7,aliyun,sku:948,close_alternative,candidate,0.9000,0.7600,,,,[],"[""same vCPU and memory do not imply performance equivalence""]",,,2026.07.week07.v1,,,
347,cross_market,sku,huawei_cloud,sku:11,aws,sku:43,partial_overlap,not_comparable,0.2000,0.3500,,,,"[""missing_required_field""]","[""vCPU or memory evidence missing""]",,,2026.07.week07.v1,,,
348,cross_market,sku,huawei_cloud,sku:11,aws,sku:44,partial_overlap,not_comparable,0.2000,0.3500,,,,"[""missing_required_field""]","[""vCPU or memory evidence missing""]",,,2026.07.week07.v1,,,
349,cross_market,sku,huawei_cloud,sku:11,aws,sku:45,partial_overlap,not_comparable,0.2000,0.3500,,,,"[""missing_required_field""]","[""vCPU or memory evidence missing""]",,,2026.07.week07.v1,,,
350,cross_market,sku,huawei_cloud,sku:11,aws,sku:40,partial_overlap,not_comparable,0.2000,0.3500,,,,"[""missing_required_field""]","[""vCPU or memory evidence missing""]",,,2026.07.week07.v1,,,
351,cross_market,sku,huawei_cloud,sku:11,aliyun,sku:1538,close_alternative,candidate,0.9000,0.7600,,,,[],"[""same vCPU and memory do not imply performance equivalence""]",,,2026.07.week07.v1,,,
352,cross_market,sku,huawei_cloud,sku:11,aliyun,sku:837,close_alternative,candidate,0.9000,0.7600,,,,[],"[""same vCPU and memory do not imply performance equivalence""]",,,2026.07.week07.v1,,,
353,cross_market,sku,huawei_cloud,sku:11,aliyun,sku:1441,close_alternative,candidate,0.9000,0.7600,,,,[],"[""same vCPU and memory do not imply performance equivalence""]",,,2026.07.week07.v1,,,
354,cross_market,sku,huawei_cloud,sku:11,aliyun,sku:716,close_alternative,candidate,0.9000,0.7600,,,,[],"[""same vCPU and memory do not imply performance equivalence""]",,,2026.07.week07.v1,,,
355,cross_market,sku,huawei_cloud,sku:6,aws,sku:43,partial_overlap,not_comparable,0.2000,0.3500,,,,"[""missing_required_field""]","[""vCPU or memory evidence missing""]",,,2026.07.week07.v1,,,
356,cross_market,sku,huawei_cloud,sku:6,aws,sku:44,partial_overlap,not_comparable,0.2000,0.3500,,,,"[""missing_required_field""]","[""vCPU or memory evidence missing""]",,,2026.07.week07.v1,,,
357,cross_market,sku,huawei_cloud,sku:6,aws,sku:45,partial_overlap,not_comparable,0.2000,0.3500,,,,"[""missing_required_field""]","[""vCPU or memory evidence missing""]",,,2026.07.week07.v1,,,
358,cross_market,sku,huawei_cloud,sku:6,aws,sku:40,partial_overlap,not_comparable,0.2000,0.3500,,,,"[""missing_required_field""]","[""vCPU or memory evidence missing""]",,,2026.07.week07.v1,,,
359,cross_market,sku,huawei_cloud,sku:6,aliyun,sku:1625,close_alternative,candidate,0.9000,0.7600,,,,[],"[""same vCPU and memory do not imply performance equivalence""]",,,2026.07.week07.v1,,,
360,cross_market,sku,huawei_cloud,sku:6,aliyun,sku:1600,close_alternative,candidate,0.9000,0.7600,,,,[],"[""same vCPU and memory do not imply performance equivalence""]",,,2026.07.week07.v1,,,
361,cross_market,sku,huawei_cloud,sku:6,aliyun,sku:1567,close_alternative,candidate,0.9000,0.7600,,,,[],"[""same vCPU and memory do not imply performance equivalence""]",,,2026.07.week07.v1,,,
362,cross_market,sku,huawei_cloud,sku:6,aliyun,sku:1552,close_alternative,candidate,0.9000,0.7600,,,,[],"[""same vCPU and memory do not imply performance equivalence""]",,,2026.07.week07.v1,,,
363,cross_market,sku,huawei_cloud,sku:1,aws,sku:43,partial_overlap,not_comparable,0.2000,0.3500,,,,"[""missing_required_field""]","[""vCPU or memory evidence missing""]",,,2026.07.week07.v1,,,
364,cross_market,sku,huawei_cloud,sku:1,aws,sku:44,partial_overlap,not_comparable,0.2000,0.3500,,,,"[""missing_required_field""]","[""vCPU or memory evidence missing""]",,,2026.07.week07.v1,,,
365,cross_market,sku,huawei_cloud,sku:1,aws,sku:45,partial_overlap,not_comparable,0.2000,0.3500,,,,"[""missing_required_field""]","[""vCPU or memory evidence missing""]",,,2026.07.week07.v1,,,
366,cross_market,sku,huawei_cloud,sku:1,aws,sku:40,partial_overlap,not_comparable,0.2000,0.3500,,,,"[""missing_required_field""]","[""vCPU or memory evidence missing""]",,,2026.07.week07.v1,,,
367,cross_market,sku,huawei_cloud,sku:1,aliyun,sku:1566,close_alternative,candidate,0.9000,0.7600,,,,[],"[""same vCPU and memory do not imply performance equivalence""]",,,2026.07.week07.v1,,,
368,cross_market,sku,huawei_cloud,sku:1,aliyun,sku:1551,close_alternative,candidate,0.9000,0.7600,,,,[],"[""same vCPU and memory do not imply performance equivalence""]",,,2026.07.week07.v1,,,
369,cross_market,sku,huawei_cloud,sku:1,aliyun,sku:1599,close_alternative,candidate,0.9000,0.7600,,,,[],"[""same vCPU and memory do not imply performance equivalence""]",,,2026.07.week07.v1,,,
370,cross_market,sku,huawei_cloud,sku:1,aliyun,sku:1535,partial_overlap,candidate,0.7500,0.7600,,,,[],"[""vcpu_ratio=2.0000""]",,,2026.07.week07.v1,,,
371,cross_market,sku,huawei_cloud,sku:3,aws,sku:43,partial_overlap,not_comparable,0.2000,0.3500,,,,"[""missing_required_field""]","[""vCPU or memory evidence missing""]",,,2026.07.week07.v1,,,
372,cross_market,sku,huawei_cloud,sku:3,aws,sku:44,partial_overlap,not_comparable,0.2000,0.3500,,,,"[""missing_required_field""]","[""vCPU or memory evidence missing""]",,,2026.07.week07.v1,,,
373,cross_market,sku,huawei_cloud,sku:3,aws,sku:45,partial_overlap,not_comparable,0.2000,0.3500,,,,"[""missing_required_field""]","[""vCPU or memory evidence missing""]",,,2026.07.week07.v1,,,
374,cross_market,sku,huawei_cloud,sku:3,aws,sku:40,partial_overlap,not_comparable,0.2000,0.3500,,,,"[""missing_required_field""]","[""vCPU or memory evidence missing""]",,,2026.07.week07.v1,,,
375,cross_market,sku,huawei_cloud,sku:3,aliyun,sku:1472,close_alternative,candidate,0.9000,0.7600,,,,[],"[""same vCPU and memory do not imply performance equivalence""]",,,2026.07.week07.v1,,,
376,cross_market,sku,huawei_cloud,sku:3,aliyun,sku:964,close_alternative,candidate,0.9000,0.7600,,,,[],"[""same vCPU and memory do not imply performance equivalence""]",,,2026.07.week07.v1,,,
377,cross_market,sku,huawei_cloud,sku:3,aliyun,sku:1558,close_alternative,candidate,0.9000,0.7600,,,,[],"[""same vCPU and memory do not imply performance equivalence""]",,,2026.07.week07.v1,,,
378,cross_market,sku,huawei_cloud,sku:3,aliyun,sku:1147,close_alternative,candidate,0.9000,0.7600,,,,[],"[""same vCPU and memory do not imply performance equivalence""]",,,2026.07.week07.v1,,,
379,cross_market,sku,huawei_cloud,sku:8,aws,sku:43,partial_overlap,not_comparable,0.2000,0.3500,,,,"[""missing_required_field""]","[""vCPU or memory evidence missing""]",,,2026.07.week07.v1,,,
380,cross_market,sku,huawei_cloud,sku:8,aws,sku:44,partial_overlap,not_comparable,0.2000,0.3500,,,,"[""missing_required_field""]","[""vCPU or memory evidence missing""]",,,2026.07.week07.v1,,,
381,cross_market,sku,huawei_cloud,sku:8,aws,sku:45,partial_overlap,not_comparable,0.2000,0.3500,,,,"[""missing_required_field""]","[""vCPU or memory evidence missing""]",,,2026.07.week07.v1,,,
382,cross_market,sku,huawei_cloud,sku:8,aws,sku:40,partial_overlap,not_comparable,0.2000,0.3500,,,,"[""missing_required_field""]","[""vCPU or memory evidence missing""]",,,2026.07.week07.v1,,,
383,cross_market,sku,huawei_cloud,sku:8,aliyun,sku:956,close_alternative,candidate,0.9000,0.7600,,,,[],"[""same vCPU and memory do not imply performance equivalence""]",,,2026.07.week07.v1,,,
384,cross_market,sku,huawei_cloud,sku:8,aliyun,sku:933,close_alternative,candidate,0.9000,0.7600,,,,[],"[""same vCPU and memory do not imply performance equivalence""]",,,2026.07.week07.v1,,,
385,cross_market,sku,huawei_cloud,sku:8,aliyun,sku:942,close_alternative,candidate,0.9000,0.7600,,,,[],"[""same vCPU and memory do not imply performance equivalence""]",,,2026.07.week07.v1,,,
386,cross_market,sku,huawei_cloud,sku:8,aliyun,sku:949,close_alternative,candidate,0.9000,0.7600,,,,[],"[""same vCPU and memory do not imply performance equivalence""]",,,2026.07.week07.v1,,,
387,cross_market,sku,huawei_cloud,sku:12,aws,sku:43,partial_overlap,not_comparable,0.2000,0.3500,,,,"[""missing_required_field""]","[""vCPU or memory evidence missing""]",,,2026.07.week07.v1,,,
388,cross_market,sku,huawei_cloud,sku:12,aws,sku:44,partial_overlap,not_comparable,0.2000,0.3500,,,,"[""missing_required_field""]","[""vCPU or memory evidence missing""]",,,2026.07.week07.v1,,,
389,cross_market,sku,huawei_cloud,sku:12,aws,sku:45,partial_overlap,not_comparable,0.2000,0.3500,,,,"[""missing_required_field""]","[""vCPU or memory evidence missing""]",,,2026.07.week07.v1,,,
390,cross_market,sku,huawei_cloud,sku:12,aws,sku:40,partial_overlap,not_comparable,0.2000,0.3500,,,,"[""missing_required_field""]","[""vCPU or memory evidence missing""]",,,2026.07.week07.v1,,,
391,cross_market,sku,huawei_cloud,sku:12,aliyun,sku:1540,close_alternative,candidate,0.9000,0.7600,,,,[],"[""same vCPU and memory do not imply performance equivalence""]",,,2026.07.week07.v1,,,
392,cross_market,sku,huawei_cloud,sku:12,aliyun,sku:838,close_alternative,candidate,0.9000,0.7600,,,,[],"[""same vCPU and memory do not imply performance equivalence""]",,,2026.07.week07.v1,,,
393,cross_market,sku,huawei_cloud,sku:12,aliyun,sku:1442,close_alternative,candidate,0.9000,0.7600,,,,[],"[""same vCPU and memory do not imply performance equivalence""]",,,2026.07.week07.v1,,,
394,cross_market,sku,huawei_cloud,sku:12,aliyun,sku:815,close_alternative,candidate,0.9000,0.7600,,,,[],"[""same vCPU and memory do not imply performance equivalence""]",,,2026.07.week07.v1,,,
395,cross_market,service_tier,huawei_cloud,service_tier:3,aws,service_tier:11,close_alternative,candidate,0.8300,0.7200,,,,[],"[""access_class=archive""]",,,2026.07.week07.v1,,,
396,cross_market,service_tier,huawei_cloud,service_tier:3,aws,service_tier:10,close_alternative,candidate,0.8300,0.7200,,,,[],"[""access_class=archive""]",,,2026.07.week07.v1,,,
397,cross_market,service_tier,huawei_cloud,service_tier:4,aws,service_tier:12,close_alternative,candidate,0.8300,0.7200,,,,[],"[""access_class=deep_archive""]",,,2026.07.week07.v1,,,
398,cross_market,service_tier,huawei_cloud,service_tier:4,aliyun,service_tier:15,close_alternative,candidate,0.8300,0.7200,,,,[],"[""access_class=deep_archive""]",,,2026.07.week07.v1,,,
399,cross_market,service_tier,huawei_cloud,service_tier:4,aliyun,service_tier:16,close_alternative,candidate,0.8300,0.7200,,,,[],"[""access_class=deep_archive""]",,,2026.07.week07.v1,,,
400,cross_market,service_tier,huawei_cloud,service_tier:4,aliyun,service_tier:17,close_alternative,candidate,0.8300,0.7200,,,,[],"[""access_class=deep_archive""]",,,2026.07.week07.v1,,,
401,cross_market,service_tier,huawei_cloud,service_tier:4,aliyun,service_tier:14,close_alternative,candidate,0.8300,0.7200,,,,[],"[""access_class=deep_archive""]",,,2026.07.week07.v1,,,
402,cross_market,service_tier,huawei_cloud,service_tier:4,aliyun,service_tier:13,close_alternative,candidate,0.8300,0.7200,,,,[],"[""access_class=deep_archive""]",,,2026.07.week07.v1,,,
403,cross_market,service_tier,huawei_cloud,service_tier:2,aws,service_tier:12,close_alternative,candidate,0.8300,0.7200,,,,[],"[""access_class=deep_archive""]",,,2026.07.week07.v1,,,
404,cross_market,service_tier,huawei_cloud,service_tier:2,aliyun,service_tier:15,close_alternative,candidate,0.8300,0.7200,,,,[],"[""access_class=deep_archive""]",,,2026.07.week07.v1,,,
405,cross_market,service_tier,huawei_cloud,service_tier:2,aliyun,service_tier:16,close_alternative,candidate,0.8300,0.7200,,,,[],"[""access_class=deep_archive""]",,,2026.07.week07.v1,,,
406,cross_market,service_tier,huawei_cloud,service_tier:2,aliyun,service_tier:17,close_alternative,candidate,0.8300,0.7200,,,,[],"[""access_class=deep_archive""]",,,2026.07.week07.v1,,,
407,cross_market,service_tier,huawei_cloud,service_tier:2,aliyun,service_tier:14,close_alternative,candidate,0.8300,0.7200,,,,[],"[""access_class=deep_archive""]",,,2026.07.week07.v1,,,
408,cross_market,service_tier,huawei_cloud,service_tier:2,aliyun,service_tier:13,close_alternative,candidate,0.8300,0.7200,,,,[],"[""access_class=deep_archive""]",,,2026.07.week07.v1,,,
409,cross_market,service_tier,huawei_cloud,service_tier:1,aws,service_tier:12,close_alternative,candidate,0.8300,0.7200,,,,[],"[""access_class=deep_archive""]",,,2026.07.week07.v1,,,
410,cross_market,service_tier,huawei_cloud,service_tier:1,aliyun,service_tier:15,close_alternative,candidate,0.8300,0.7200,,,,[],"[""access_class=deep_archive""]",,,2026.07.week07.v1,,,
411,cross_market,service_tier,huawei_cloud,service_tier:1,aliyun,service_tier:16,close_alternative,candidate,0.8300,0.7200,,,,[],"[""access_class=deep_archive""]",,,2026.07.week07.v1,,,
412,cross_market,service_tier,huawei_cloud,service_tier:1,aliyun,service_tier:17,close_alternative,candidate,0.8300,0.7200,,,,[],"[""access_class=deep_archive""]",,,2026.07.week07.v1,,,
413,cross_market,service_tier,huawei_cloud,service_tier:1,aliyun,service_tier:14,close_alternative,candidate,0.8300,0.7200,,,,[],"[""access_class=deep_archive""]",,,2026.07.week07.v1,,,
414,cross_market,service_tier,huawei_cloud,service_tier:1,aliyun,service_tier:13,close_alternative,candidate,0.8300,0.7200,,,,[],"[""access_class=deep_archive""]",,,2026.07.week07.v1,,,
