entity_type,entity_name,field_code,raw_value,normalized_value,source_url,snapshot_path,locator,excerpt,confidence,review_result,reviewer_notes
product,product:ec2,product.description,Documentation Amazon EC2 Instance Types,Documentation Amazon EC2 Instance Types,https://docs.aws.amazon.com/ec2/latest/instancetypes/co.html,international\aws\ec2\aws_ec2_compute_optimized_specs\2026\07\20260721T172845Z_1da1c475\raw.bin,html:text[7],Documentation Amazon EC2 Instance Types,0.84,,
product,product:ec2,product.official_name,Amazon Elastic Compute Cloud (Amazon EC2),Amazon Elastic Compute Cloud (Amazon EC2),https://docs.aws.amazon.com/ec2/latest/instancetypes/co.html,international\aws\ec2\aws_ec2_compute_optimized_specs\2026\07\20260721T172845Z_1da1c475\raw.bin,html:h1,Specifications for Amazon EC2 compute optimized instances,0.9,,
product,product:ec2,product.description,Documentation Amazon EC2 User Guide,Documentation Amazon EC2 User Guide,https://docs.aws.amazon.com/AWSEC2/latest/UserGuide/instance-types.html,international\aws\ec2\aws_ec2_instance_types_user_guide\2026\07\20260721T172851Z_20dc5db5\raw.bin,html:text[7],Documentation Amazon EC2 User Guide,0.84,,
product_family,product_family:c5,ec2.instance_family,c5,c5,https://docs.aws.amazon.com/ec2/latest/instancetypes/co.html,international\aws\ec2\aws_ec2_compute_optimized_specs\2026\07\20260721T172845Z_1da1c475\raw.bin,html:table[2]:row[1],c5.large | 4.00 | Intel Xeon Platinum 8124M | 2 | 1 | 2 | ✗ No | ✗ No,0.86,,
product_family,product_family:c5a,ec2.instance_family,c5a,c5a,https://docs.aws.amazon.com/ec2/latest/instancetypes/co.html,international\aws\ec2\aws_ec2_compute_optimized_specs\2026\07\20260721T172845Z_1da1c475\raw.bin,html:table[2]:row[11],c5a.large | 4.00 | 2nd Gen AMD EPYC 7R32 | 2 | 1 | 2 | ✗ No | ✗ No,0.86,,
product_family,product_family:c5ad,ec2.instance_family,c5ad,c5ad,https://docs.aws.amazon.com/ec2/latest/instancetypes/co.html,international\aws\ec2\aws_ec2_compute_optimized_specs\2026\07\20260721T172845Z_1da1c475\raw.bin,html:table[2]:row[20],c5ad.large | 4.00 | 2nd Gen AMD EPYC 7R32 | 2 | 1 | 2 | ✗ No | ✗ No,0.86,,
product_family,product_family:c5d,ec2.instance_family,c5d,c5d,https://docs.aws.amazon.com/ec2/latest/instancetypes/co.html,international\aws\ec2\aws_ec2_compute_optimized_specs\2026\07\20260721T172845Z_1da1c475\raw.bin,html:table[2]:row[29],c5d.large | 4.00 | Intel Xeon Platinum 8124M | 2 | 1 | 2 | ✗ No | ✗ No,0.86,,
product_family,product_family:c5n,ec2.instance_family,c5n,c5n,https://docs.aws.amazon.com/ec2/latest/instancetypes/co.html,international\aws\ec2\aws_ec2_compute_optimized_specs\2026\07\20260721T172845Z_1da1c475\raw.bin,html:table[2]:row[39],c5n.large | 5.25 | Intel Xeon Platinum 8124M | 2 | 1 | 2 | ✗ No | ✗ No,0.86,,
product_family,product_family:c6a,ec2.instance_family,c6a,c6a,https://docs.aws.amazon.com/ec2/latest/instancetypes/co.html,international\aws\ec2\aws_ec2_compute_optimized_specs\2026\07\20260721T172845Z_1da1c475\raw.bin,html:table[2]:row[47],c6a.large | 4.00 | AMD EPYC 7R13 | 2 | 1 | 2 | ✗ No | ✗ No,0.86,,
product_family,product_family:c6g,ec2.instance_family,c6g,c6g,https://docs.aws.amazon.com/ec2/latest/instancetypes/co.html,international\aws\ec2\aws_ec2_compute_optimized_specs\2026\07\20260721T172845Z_1da1c475\raw.bin,html:table[2]:row[59],c6g.medium | 2.00 | AWS Graviton2 Processor | 1 | 1 | 1 | ✗ No | ✗ No,0.86,,
product_family,product_family:c6gd,ec2.instance_family,c6gd,c6gd,https://docs.aws.amazon.com/ec2/latest/instancetypes/co.html,international\aws\ec2\aws_ec2_compute_optimized_specs\2026\07\20260721T172845Z_1da1c475\raw.bin,html:table[2]:row[69],c6gd.medium | 2.00 | AWS Graviton2 Processor | 1 | 1 | 1 | ✗ No | ✗ No,0.86,,
product_family,product_family:c6gn,ec2.instance_family,c6gn,c6gn,https://docs.aws.amazon.com/ec2/latest/instancetypes/co.html,international\aws\ec2\aws_ec2_compute_optimized_specs\2026\07\20260721T172845Z_1da1c475\raw.bin,html:table[2]:row[79],c6gn.medium | 2.00 | AWS Graviton2 Processor | 1 | 1 | 1 | ✗ No | ✗ No,0.86,,
product_family,product_family:c6i,ec2.instance_family,c6i,c6i,https://docs.aws.amazon.com/ec2/latest/instancetypes/co.html,international\aws\ec2\aws_ec2_compute_optimized_specs\2026\07\20260721T172845Z_1da1c475\raw.bin,html:table[2]:row[88],c6i.large | 4.00 | Intel Xeon Ice Lake | 2 | 1 | 2 | ✗ No | ✗ No,0.86,,
product_family,product_family:c6id,ec2.instance_family,c6id,c6id,https://docs.aws.amazon.com/ec2/latest/instancetypes/co.html,international\aws\ec2\aws_ec2_compute_optimized_specs\2026\07\20260721T172845Z_1da1c475\raw.bin,html:table[2]:row[99],c6id.large | 4.00 | Intel Xeon Ice Lake | 2 | 1 | 2 | ✗ No | ✗ No,0.86,,
product_family,product_family:c6in,ec2.instance_family,c6in,c6in,https://docs.aws.amazon.com/ec2/latest/instancetypes/co.html,international\aws\ec2\aws_ec2_compute_optimized_specs\2026\07\20260721T172845Z_1da1c475\raw.bin,html:table[2]:row[110],c6in.large | 4.00 | Intel Xeon Ice Lake | 2 | 1 | 2 | ✗ No | ✗ No,0.86,,
sku,sku:c5.12xlarge,compute.cpu_architecture,2nd Gen Intel Xeon Platinum 8275CL,x86_64,https://docs.aws.amazon.com/ec2/latest/instancetypes/co.html,international\aws\ec2\aws_ec2_compute_optimized_specs\2026\07\20260721T172845Z_1da1c475\raw.bin,html:table[2]:row[6],c5.12xlarge | 96.00 | 2nd Gen Intel Xeon Platinum 8275CL | 48 | 24 | 2 | ✗ No | ✗ No,0.76,,
sku,sku:c5.12xlarge,compute.memory_gib,✗ No,,https://docs.aws.amazon.com/ec2/latest/instancetypes/co.html,international\aws\ec2\aws_ec2_compute_optimized_specs\2026\07\20260721T172845Z_1da1c475\raw.bin,html:table[2]:row[6],c5.12xlarge | 96.00 | 2nd Gen Intel Xeon Platinum 8275CL | 48 | 24 | 2 | ✗ No | ✗ No,0.62,,
sku,sku:c5.12xlarge,compute.processor_model,2nd Gen Intel Xeon Platinum 8275CL,2nd Gen Intel Xeon Platinum 8275CL,https://docs.aws.amazon.com/ec2/latest/instancetypes/co.html,international\aws\ec2\aws_ec2_compute_optimized_specs\2026\07\20260721T172845Z_1da1c475\raw.bin,html:table[2]:row[6],c5.12xlarge | 96.00 | 2nd Gen Intel Xeon Platinum 8275CL | 48 | 24 | 2 | ✗ No | ✗ No,0.84,,
sku,sku:c5.12xlarge,compute.processor_vendor,Intel,Intel,https://docs.aws.amazon.com/ec2/latest/instancetypes/co.html,international\aws\ec2\aws_ec2_compute_optimized_specs\2026\07\20260721T172845Z_1da1c475\raw.bin,html:table[2]:row[6],c5.12xlarge | 96.00 | 2nd Gen Intel Xeon Platinum 8275CL | 48 | 24 | 2 | ✗ No | ✗ No,0.82,,
sku,sku:c5.12xlarge,compute.vcpu_count,48,48,https://docs.aws.amazon.com/ec2/latest/instancetypes/co.html,international\aws\ec2\aws_ec2_compute_optimized_specs\2026\07\20260721T172845Z_1da1c475\raw.bin,html:table[2]:row[6],c5.12xlarge | 96.00 | 2nd Gen Intel Xeon Platinum 8275CL | 48 | 24 | 2 | ✗ No | ✗ No,0.9,,
sku,sku:c5.12xlarge,network.ena_express_supported,✗ No,,https://docs.aws.amazon.com/ec2/latest/instancetypes/co.html,international\aws\ec2\aws_ec2_compute_optimized_specs\2026\07\20260721T172845Z_1da1c475\raw.bin,html:table[3]:row[6],c5.12xlarge | 12 Gigabit | ✗ No | ✓ Yes | ✗ No | 1 | 8 | 30 | ✓ Yes,0.82,,
sku,sku:c5.12xlarge,network.max_bandwidth_gbps,12 Gigabit,12,https://docs.aws.amazon.com/ec2/latest/instancetypes/co.html,international\aws\ec2\aws_ec2_compute_optimized_specs\2026\07\20260721T172845Z_1da1c475\raw.bin,html:table[3]:row[6],c5.12xlarge | 12 Gigabit | ✗ No | ✓ Yes | ✗ No | 1 | 8 | 30 | ✓ Yes,0.8,,
sku,sku:c5.12xlarge,sku.provider_sku_code,c5.12xlarge,c5.12xlarge,https://docs.aws.amazon.com/ec2/latest/instancetypes/co.html,international\aws\ec2\aws_ec2_compute_optimized_specs\2026\07\20260721T172845Z_1da1c475\raw.bin,html:table[2]:row[6],c5.12xlarge | 96.00 | 2nd Gen Intel Xeon Platinum 8275CL | 48 | 24 | 2 | ✗ No | ✗ No,0.93,,
sku,sku:c5.12xlarge,sku.provider_sku_code,c5.12xlarge,c5.12xlarge,https://docs.aws.amazon.com/ec2/latest/instancetypes/co.html,international\aws\ec2\aws_ec2_compute_optimized_specs\2026\07\20260721T172845Z_1da1c475\raw.bin,html:table[3]:row[6],c5.12xlarge | 12 Gigabit | ✗ No | ✓ Yes | ✗ No | 1 | 8 | 30 | ✓ Yes,0.93,,
sku,sku:c5.18xlarge,compute.cpu_architecture,Intel Xeon Platinum 8124M,x86_64,https://docs.aws.amazon.com/ec2/latest/instancetypes/co.html,international\aws\ec2\aws_ec2_compute_optimized_specs\2026\07\20260721T172845Z_1da1c475\raw.bin,html:table[2]:row[7],c5.18xlarge | 144.00 | Intel Xeon Platinum 8124M | 72 | 36 | 2 | ✗ No | ✗ No,0.76,,
sku,sku:c5.18xlarge,compute.memory_gib,✗ No,,https://docs.aws.amazon.com/ec2/latest/instancetypes/co.html,international\aws\ec2\aws_ec2_compute_optimized_specs\2026\07\20260721T172845Z_1da1c475\raw.bin,html:table[2]:row[7],c5.18xlarge | 144.00 | Intel Xeon Platinum 8124M | 72 | 36 | 2 | ✗ No | ✗ No,0.62,,
sku,sku:c5.18xlarge,compute.processor_model,Intel Xeon Platinum 8124M,Intel Xeon Platinum 8124M,https://docs.aws.amazon.com/ec2/latest/instancetypes/co.html,international\aws\ec2\aws_ec2_compute_optimized_specs\2026\07\20260721T172845Z_1da1c475\raw.bin,html:table[2]:row[7],c5.18xlarge | 144.00 | Intel Xeon Platinum 8124M | 72 | 36 | 2 | ✗ No | ✗ No,0.84,,
sku,sku:c5.18xlarge,compute.processor_vendor,Intel,Intel,https://docs.aws.amazon.com/ec2/latest/instancetypes/co.html,international\aws\ec2\aws_ec2_compute_optimized_specs\2026\07\20260721T172845Z_1da1c475\raw.bin,html:table[2]:row[7],c5.18xlarge | 144.00 | Intel Xeon Platinum 8124M | 72 | 36 | 2 | ✗ No | ✗ No,0.82,,
sku,sku:c5.18xlarge,compute.vcpu_count,72,72,https://docs.aws.amazon.com/ec2/latest/instancetypes/co.html,international\aws\ec2\aws_ec2_compute_optimized_specs\2026\07\20260721T172845Z_1da1c475\raw.bin,html:table[2]:row[7],c5.18xlarge | 144.00 | Intel Xeon Platinum 8124M | 72 | 36 | 2 | ✗ No | ✗ No,0.9,,
sku,sku:c5.18xlarge,network.ena_express_supported,✗ No,,https://docs.aws.amazon.com/ec2/latest/instancetypes/co.html,international\aws\ec2\aws_ec2_compute_optimized_specs\2026\07\20260721T172845Z_1da1c475\raw.bin,html:table[3]:row[7],c5.18xlarge | 25 Gigabit | ✗ No | ✓ Yes | ✗ No | 1 | 15 | 50 | ✓ Yes,0.82,,
sku,sku:c5.18xlarge,network.max_bandwidth_gbps,25 Gigabit,25,https://docs.aws.amazon.com/ec2/latest/instancetypes/co.html,international\aws\ec2\aws_ec2_compute_optimized_specs\2026\07\20260721T172845Z_1da1c475\raw.bin,html:table[3]:row[7],c5.18xlarge | 25 Gigabit | ✗ No | ✓ Yes | ✗ No | 1 | 15 | 50 | ✓ Yes,0.8,,
sku,sku:c5.18xlarge,sku.provider_sku_code,c5.18xlarge,c5.18xlarge,https://docs.aws.amazon.com/ec2/latest/instancetypes/co.html,international\aws\ec2\aws_ec2_compute_optimized_specs\2026\07\20260721T172845Z_1da1c475\raw.bin,html:table[3]:row[7],c5.18xlarge | 25 Gigabit | ✗ No | ✓ Yes | ✗ No | 1 | 15 | 50 | ✓ Yes,0.93,,
sku,sku:c5.18xlarge,sku.provider_sku_code,c5.18xlarge,c5.18xlarge,https://docs.aws.amazon.com/ec2/latest/instancetypes/co.html,international\aws\ec2\aws_ec2_compute_optimized_specs\2026\07\20260721T172845Z_1da1c475\raw.bin,html:table[2]:row[7],c5.18xlarge | 144.00 | Intel Xeon Platinum 8124M | 72 | 36 | 2 | ✗ No | ✗ No,0.93,,
sku,sku:c5.24xlarge,compute.cpu_architecture,2nd Gen Intel Xeon Platinum 8275CL,x86_64,https://docs.aws.amazon.com/ec2/latest/instancetypes/co.html,international\aws\ec2\aws_ec2_compute_optimized_specs\2026\07\20260721T172845Z_1da1c475\raw.bin,html:table[2]:row[8],c5.24xlarge | 192.00 | 2nd Gen Intel Xeon Platinum 8275CL | 96 | 48 | 2 | ✗ No | ✗ No,0.76,,
sku,sku:c5.24xlarge,compute.memory_gib,✗ No,,https://docs.aws.amazon.com/ec2/latest/instancetypes/co.html,international\aws\ec2\aws_ec2_compute_optimized_specs\2026\07\20260721T172845Z_1da1c475\raw.bin,html:table[2]:row[8],c5.24xlarge | 192.00 | 2nd Gen Intel Xeon Platinum 8275CL | 96 | 48 | 2 | ✗ No | ✗ No,0.62,,
sku,sku:c5.24xlarge,compute.processor_model,2nd Gen Intel Xeon Platinum 8275CL,2nd Gen Intel Xeon Platinum 8275CL,https://docs.aws.amazon.com/ec2/latest/instancetypes/co.html,international\aws\ec2\aws_ec2_compute_optimized_specs\2026\07\20260721T172845Z_1da1c475\raw.bin,html:table[2]:row[8],c5.24xlarge | 192.00 | 2nd Gen Intel Xeon Platinum 8275CL | 96 | 48 | 2 | ✗ No | ✗ No,0.84,,
sku,sku:c5.24xlarge,compute.processor_vendor,Intel,Intel,https://docs.aws.amazon.com/ec2/latest/instancetypes/co.html,international\aws\ec2\aws_ec2_compute_optimized_specs\2026\07\20260721T172845Z_1da1c475\raw.bin,html:table[2]:row[8],c5.24xlarge | 192.00 | 2nd Gen Intel Xeon Platinum 8275CL | 96 | 48 | 2 | ✗ No | ✗ No,0.82,,
sku,sku:c5.24xlarge,compute.vcpu_count,96,96,https://docs.aws.amazon.com/ec2/latest/instancetypes/co.html,international\aws\ec2\aws_ec2_compute_optimized_specs\2026\07\20260721T172845Z_1da1c475\raw.bin,html:table[2]:row[8],c5.24xlarge | 192.00 | 2nd Gen Intel Xeon Platinum 8275CL | 96 | 48 | 2 | ✗ No | ✗ No,0.9,,
sku,sku:c5.24xlarge,network.ena_express_supported,✗ No,,https://docs.aws.amazon.com/ec2/latest/instancetypes/co.html,international\aws\ec2\aws_ec2_compute_optimized_specs\2026\07\20260721T172845Z_1da1c475\raw.bin,html:table[3]:row[8],c5.24xlarge | 25 Gigabit | ✗ No | ✓ Yes | ✗ No | 1 | 15 | 50 | ✓ Yes,0.82,,
sku,sku:c5.24xlarge,network.max_bandwidth_gbps,25 Gigabit,25,https://docs.aws.amazon.com/ec2/latest/instancetypes/co.html,international\aws\ec2\aws_ec2_compute_optimized_specs\2026\07\20260721T172845Z_1da1c475\raw.bin,html:table[3]:row[8],c5.24xlarge | 25 Gigabit | ✗ No | ✓ Yes | ✗ No | 1 | 15 | 50 | ✓ Yes,0.8,,
sku,sku:c5.24xlarge,sku.provider_sku_code,c5.24xlarge,c5.24xlarge,https://docs.aws.amazon.com/ec2/latest/instancetypes/co.html,international\aws\ec2\aws_ec2_compute_optimized_specs\2026\07\20260721T172845Z_1da1c475\raw.bin,html:table[3]:row[8],c5.24xlarge | 25 Gigabit | ✗ No | ✓ Yes | ✗ No | 1 | 15 | 50 | ✓ Yes,0.93,,
sku,sku:c5.24xlarge,sku.provider_sku_code,c5.24xlarge,c5.24xlarge,https://docs.aws.amazon.com/ec2/latest/instancetypes/co.html,international\aws\ec2\aws_ec2_compute_optimized_specs\2026\07\20260721T172845Z_1da1c475\raw.bin,html:table[2]:row[8],c5.24xlarge | 192.00 | 2nd Gen Intel Xeon Platinum 8275CL | 96 | 48 | 2 | ✗ No | ✗ No,0.93,,
sku,sku:c5.2xlarge,compute.cpu_architecture,Intel Xeon Platinum 8124M,x86_64,https://docs.aws.amazon.com/ec2/latest/instancetypes/co.html,international\aws\ec2\aws_ec2_compute_optimized_specs\2026\07\20260721T172845Z_1da1c475\raw.bin,html:table[2]:row[3],c5.2xlarge | 16.00 | Intel Xeon Platinum 8124M | 8 | 4 | 2 | ✗ No | ✗ No,0.76,,
sku,sku:c5.2xlarge,compute.memory_gib,✗ No,,https://docs.aws.amazon.com/ec2/latest/instancetypes/co.html,international\aws\ec2\aws_ec2_compute_optimized_specs\2026\07\20260721T172845Z_1da1c475\raw.bin,html:table[2]:row[3],c5.2xlarge | 16.00 | Intel Xeon Platinum 8124M | 8 | 4 | 2 | ✗ No | ✗ No,0.62,,
sku,sku:c5.2xlarge,compute.processor_model,Intel Xeon Platinum 8124M,Intel Xeon Platinum 8124M,https://docs.aws.amazon.com/ec2/latest/instancetypes/co.html,international\aws\ec2\aws_ec2_compute_optimized_specs\2026\07\20260721T172845Z_1da1c475\raw.bin,html:table[2]:row[3],c5.2xlarge | 16.00 | Intel Xeon Platinum 8124M | 8 | 4 | 2 | ✗ No | ✗ No,0.84,,
sku,sku:c5.2xlarge,compute.processor_vendor,Intel,Intel,https://docs.aws.amazon.com/ec2/latest/instancetypes/co.html,international\aws\ec2\aws_ec2_compute_optimized_specs\2026\07\20260721T172845Z_1da1c475\raw.bin,html:table[2]:row[3],c5.2xlarge | 16.00 | Intel Xeon Platinum 8124M | 8 | 4 | 2 | ✗ No | ✗ No,0.82,,
sku,sku:c5.2xlarge,compute.vcpu_count,8,8,https://docs.aws.amazon.com/ec2/latest/instancetypes/co.html,international\aws\ec2\aws_ec2_compute_optimized_specs\2026\07\20260721T172845Z_1da1c475\raw.bin,html:table[2]:row[3],c5.2xlarge | 16.00 | Intel Xeon Platinum 8124M | 8 | 4 | 2 | ✗ No | ✗ No,0.9,,
sku,sku:c5.2xlarge,sku.provider_sku_code,c5.2xlarge,c5.2xlarge,https://docs.aws.amazon.com/ec2/latest/instancetypes/co.html,international\aws\ec2\aws_ec2_compute_optimized_specs\2026\07\20260721T172845Z_1da1c475\raw.bin,html:table[2]:row[3],c5.2xlarge | 16.00 | Intel Xeon Platinum 8124M | 8 | 4 | 2 | ✗ No | ✗ No,0.93,,
sku,sku:c5.4xlarge,compute.cpu_architecture,Intel Xeon Platinum 8124M,x86_64,https://docs.aws.amazon.com/ec2/latest/instancetypes/co.html,international\aws\ec2\aws_ec2_compute_optimized_specs\2026\07\20260721T172845Z_1da1c475\raw.bin,html:table[2]:row[4],c5.4xlarge | 32.00 | Intel Xeon Platinum 8124M | 16 | 8 | 2 | ✗ No | ✗ No,0.76,,
sku,sku:c5.4xlarge,compute.memory_gib,✗ No,,https://docs.aws.amazon.com/ec2/latest/instancetypes/co.html,international\aws\ec2\aws_ec2_compute_optimized_specs\2026\07\20260721T172845Z_1da1c475\raw.bin,html:table[2]:row[4],c5.4xlarge | 32.00 | Intel Xeon Platinum 8124M | 16 | 8 | 2 | ✗ No | ✗ No,0.62,,
sku,sku:c5.4xlarge,compute.processor_model,Intel Xeon Platinum 8124M,Intel Xeon Platinum 8124M,https://docs.aws.amazon.com/ec2/latest/instancetypes/co.html,international\aws\ec2\aws_ec2_compute_optimized_specs\2026\07\20260721T172845Z_1da1c475\raw.bin,html:table[2]:row[4],c5.4xlarge | 32.00 | Intel Xeon Platinum 8124M | 16 | 8 | 2 | ✗ No | ✗ No,0.84,,
sku,sku:c5.4xlarge,compute.processor_vendor,Intel,Intel,https://docs.aws.amazon.com/ec2/latest/instancetypes/co.html,international\aws\ec2\aws_ec2_compute_optimized_specs\2026\07\20260721T172845Z_1da1c475\raw.bin,html:table[2]:row[4],c5.4xlarge | 32.00 | Intel Xeon Platinum 8124M | 16 | 8 | 2 | ✗ No | ✗ No,0.82,,
sku,sku:c5.4xlarge,compute.vcpu_count,16,16,https://docs.aws.amazon.com/ec2/latest/instancetypes/co.html,international\aws\ec2\aws_ec2_compute_optimized_specs\2026\07\20260721T172845Z_1da1c475\raw.bin,html:table[2]:row[4],c5.4xlarge | 32.00 | Intel Xeon Platinum 8124M | 16 | 8 | 2 | ✗ No | ✗ No,0.9,,
sku,sku:c5.4xlarge,sku.provider_sku_code,c5.4xlarge,c5.4xlarge,https://docs.aws.amazon.com/ec2/latest/instancetypes/co.html,international\aws\ec2\aws_ec2_compute_optimized_specs\2026\07\20260721T172845Z_1da1c475\raw.bin,html:table[2]:row[4],c5.4xlarge | 32.00 | Intel Xeon Platinum 8124M | 16 | 8 | 2 | ✗ No | ✗ No,0.93,,
sku,sku:c5.9xlarge,compute.cpu_architecture,Intel Xeon Platinum 8124M,x86_64,https://docs.aws.amazon.com/ec2/latest/instancetypes/co.html,international\aws\ec2\aws_ec2_compute_optimized_specs\2026\07\20260721T172845Z_1da1c475\raw.bin,html:table[2]:row[5],c5.9xlarge | 72.00 | Intel Xeon Platinum 8124M | 36 | 18 | 2 | ✗ No | ✗ No,0.76,,
availability,availability:af-south-1:product:ec2,availability.status,available,available,https://docs.aws.amazon.com/general/latest/gr/ec2-service.html,international\aws\ec2\aws_ec2_regions\2026\07\20260721T172853Z_e8739859\raw.bin,html:table[0]:row[4],Africa (Cape Town) | af-south-1 | ec2.af-south-1.amazonaws.com ec2.af-south-1.api.aws | HTTP and HTTPS HTTPS,0.84,,
availability,availability:af-south-1:product:ec2,cloud.partition,aws,aws,https://docs.aws.amazon.com/general/latest/gr/ec2-service.html,international\aws\ec2\aws_ec2_regions\2026\07\20260721T172853Z_e8739859\raw.bin,html:table[0]:row[4],Africa (Cape Town) | af-south-1 | ec2.af-south-1.amazonaws.com ec2.af-south-1.api.aws | HTTP and HTTPS HTTPS,0.9,,
availability,availability:af-south-1:product:ec2,region.code,af-south-1,af-south-1,https://docs.aws.amazon.com/general/latest/gr/ec2-service.html,international\aws\ec2\aws_ec2_regions\2026\07\20260721T172853Z_e8739859\raw.bin,html:table[0]:row[4],Africa (Cape Town) | af-south-1 | ec2.af-south-1.amazonaws.com ec2.af-south-1.api.aws | HTTP and HTTPS HTTPS,0.92,,
availability,availability:af-south-1:product:ec2,region.name,Africa (Cape Town),Africa (Cape Town),https://docs.aws.amazon.com/general/latest/gr/ec2-service.html,international\aws\ec2\aws_ec2_regions\2026\07\20260721T172853Z_e8739859\raw.bin,html:table[0]:row[4],Africa (Cape Town) | af-south-1 | ec2.af-south-1.amazonaws.com ec2.af-south-1.api.aws | HTTP and HTTPS HTTPS,0.9,,
availability,availability:ap-east-1:product:ec2,availability.status,available,available,https://docs.aws.amazon.com/general/latest/gr/ec2-service.html,international\aws\ec2\aws_ec2_regions\2026\07\20260721T172853Z_e8739859\raw.bin,html:table[0]:row[5],Asia Pacific (Hong Kong) | ap-east-1 | ec2.ap-east-1.amazonaws.com ec2.ap-east-1.api.aws | HTTP and HTTPS HTTPS,0.84,,
availability,availability:ap-east-1:product:ec2,cloud.partition,aws,aws,https://docs.aws.amazon.com/general/latest/gr/ec2-service.html,international\aws\ec2\aws_ec2_regions\2026\07\20260721T172853Z_e8739859\raw.bin,html:table[0]:row[5],Asia Pacific (Hong Kong) | ap-east-1 | ec2.ap-east-1.amazonaws.com ec2.ap-east-1.api.aws | HTTP and HTTPS HTTPS,0.9,,
availability,availability:ap-east-1:product:ec2,region.code,ap-east-1,ap-east-1,https://docs.aws.amazon.com/general/latest/gr/ec2-service.html,international\aws\ec2\aws_ec2_regions\2026\07\20260721T172853Z_e8739859\raw.bin,html:table[0]:row[5],Asia Pacific (Hong Kong) | ap-east-1 | ec2.ap-east-1.amazonaws.com ec2.ap-east-1.api.aws | HTTP and HTTPS HTTPS,0.92,,
availability,availability:ap-east-1:product:ec2,region.name,Asia Pacific (Hong Kong),Asia Pacific (Hong Kong),https://docs.aws.amazon.com/general/latest/gr/ec2-service.html,international\aws\ec2\aws_ec2_regions\2026\07\20260721T172853Z_e8739859\raw.bin,html:table[0]:row[5],Asia Pacific (Hong Kong) | ap-east-1 | ec2.ap-east-1.amazonaws.com ec2.ap-east-1.api.aws | HTTP and HTTPS HTTPS,0.9,,
availability,availability:ap-east-2:product:ec2,availability.status,available,available,https://docs.aws.amazon.com/general/latest/gr/ec2-service.html,international\aws\ec2\aws_ec2_regions\2026\07\20260721T172853Z_e8739859\raw.bin,html:table[0]:row[16],Asia Pacific (Taipei) | ap-east-2 | ec2.ap-east-2.amazonaws.com | HTTPS,0.84,,
availability,availability:ap-east-2:product:ec2,cloud.partition,aws,aws,https://docs.aws.amazon.com/general/latest/gr/ec2-service.html,international\aws\ec2\aws_ec2_regions\2026\07\20260721T172853Z_e8739859\raw.bin,html:table[0]:row[16],Asia Pacific (Taipei) | ap-east-2 | ec2.ap-east-2.amazonaws.com | HTTPS,0.9,,
availability,availability:ap-east-2:product:ec2,region.code,ap-east-2,ap-east-2,https://docs.aws.amazon.com/general/latest/gr/ec2-service.html,international\aws\ec2\aws_ec2_regions\2026\07\20260721T172853Z_e8739859\raw.bin,html:table[0]:row[16],Asia Pacific (Taipei) | ap-east-2 | ec2.ap-east-2.amazonaws.com | HTTPS,0.92,,
availability,availability:ap-east-2:product:ec2,region.name,Asia Pacific (Taipei),Asia Pacific (Taipei),https://docs.aws.amazon.com/general/latest/gr/ec2-service.html,international\aws\ec2\aws_ec2_regions\2026\07\20260721T172853Z_e8739859\raw.bin,html:table[0]:row[16],Asia Pacific (Taipei) | ap-east-2 | ec2.ap-east-2.amazonaws.com | HTTPS,0.9,,
availability,availability:ap-northeast-1:product:ec2,availability.status,available,available,https://docs.aws.amazon.com/general/latest/gr/ec2-service.html,international\aws\ec2\aws_ec2_regions\2026\07\20260721T172853Z_e8739859\raw.bin,html:table[0]:row[18],Asia Pacific (Tokyo) | ap-northeast-1 | ec2.ap-northeast-1.amazonaws.com ec2.ap-northeast-1.api.aws | HTTP and HTTPS HTTPS,0.84,,
availability,availability:ap-northeast-1:product:ec2,cloud.partition,aws,aws,https://docs.aws.amazon.com/general/latest/gr/ec2-service.html,international\aws\ec2\aws_ec2_regions\2026\07\20260721T172853Z_e8739859\raw.bin,html:table[0]:row[18],Asia Pacific (Tokyo) | ap-northeast-1 | ec2.ap-northeast-1.amazonaws.com ec2.ap-northeast-1.api.aws | HTTP and HTTPS HTTPS,0.9,,
availability,availability:ap-northeast-1:product:ec2,region.code,ap-northeast-1,ap-northeast-1,https://docs.aws.amazon.com/general/latest/gr/ec2-service.html,international\aws\ec2\aws_ec2_regions\2026\07\20260721T172853Z_e8739859\raw.bin,html:table[0]:row[18],Asia Pacific (Tokyo) | ap-northeast-1 | ec2.ap-northeast-1.amazonaws.com ec2.ap-northeast-1.api.aws | HTTP and HTTPS HTTPS,0.92,,
availability,availability:ap-northeast-1:product:ec2,region.name,Asia Pacific (Tokyo),Asia Pacific (Tokyo),https://docs.aws.amazon.com/general/latest/gr/ec2-service.html,international\aws\ec2\aws_ec2_regions\2026\07\20260721T172853Z_e8739859\raw.bin,html:table[0]:row[18],Asia Pacific (Tokyo) | ap-northeast-1 | ec2.ap-northeast-1.amazonaws.com ec2.ap-northeast-1.api.aws | HTTP and HTTPS HTTPS,0.9,,
availability,availability:ap-northeast-2:product:ec2,availability.status,available,available,https://docs.aws.amazon.com/general/latest/gr/ec2-service.html,international\aws\ec2\aws_ec2_regions\2026\07\20260721T172853Z_e8739859\raw.bin,html:table[0]:row[13],Asia Pacific (Seoul) | ap-northeast-2 | ec2.ap-northeast-2.amazonaws.com ec2.ap-northeast-2.api.aws | HTTP and HTTPS HTTPS,0.84,,
availability,availability:ap-northeast-2:product:ec2,cloud.partition,aws,aws,https://docs.aws.amazon.com/general/latest/gr/ec2-service.html,international\aws\ec2\aws_ec2_regions\2026\07\20260721T172853Z_e8739859\raw.bin,html:table[0]:row[13],Asia Pacific (Seoul) | ap-northeast-2 | ec2.ap-northeast-2.amazonaws.com ec2.ap-northeast-2.api.aws | HTTP and HTTPS HTTPS,0.9,,
availability,availability:ap-northeast-2:product:ec2,region.code,ap-northeast-2,ap-northeast-2,https://docs.aws.amazon.com/general/latest/gr/ec2-service.html,international\aws\ec2\aws_ec2_regions\2026\07\20260721T172853Z_e8739859\raw.bin,html:table[0]:row[13],Asia Pacific (Seoul) | ap-northeast-2 | ec2.ap-northeast-2.amazonaws.com ec2.ap-northeast-2.api.aws | HTTP and HTTPS HTTPS,0.92,,
availability,availability:ap-northeast-2:product:ec2,region.name,Asia Pacific (Seoul),Asia Pacific (Seoul),https://docs.aws.amazon.com/general/latest/gr/ec2-service.html,international\aws\ec2\aws_ec2_regions\2026\07\20260721T172853Z_e8739859\raw.bin,html:table[0]:row[13],Asia Pacific (Seoul) | ap-northeast-2 | ec2.ap-northeast-2.amazonaws.com ec2.ap-northeast-2.api.aws | HTTP and HTTPS HTTPS,0.9,,
product_sla,product_sla:ec2_instance_level,sla.availability_percentage,99.99%,99.99,https://aws.amazon.com/compute/sla/,international\aws\ec2\aws_ec2_sla\2026\07\20260721T172854Z_d614774e\raw.bin,html:text:sla:ec2_instance_level,"Instance-Level SLA that governs Amazon EC2 instances individually. Region-Level SLA For Amazon EC2 with all running instances deployed concurrently across two or more AZs in the same region (or at least two regions if there is only one AZ in a given region), AWS will use commercially reasonable efforts to make Amazon EC2 available for each AWS region with a Monthly Uptime Percentage of at least 99.99%, in each case during any monthly billing cycle (the “Region-Level SLA”). In the event Amazon EC2 does not meet the Region-Level SLA, you will be eligible to receive a Service Credit as described below. Monthly Uptime Percentage Service Credit Percentage Less than 99.99% but equal to or greater ",0.82,,
product_sla,product_sla:ec2_region_level,sla.availability_percentage,99.99%,99.99,https://aws.amazon.com/compute/sla/,international\aws\ec2\aws_ec2_sla\2026\07\20260721T172854Z_d614774e\raw.bin,html:text:sla:ec2_region_level,"Region-Level SLA that governs Amazon EC2 deployed across multiple AZs or regions, and (2) an Instance-Level SLA that governs Amazon EC2 instances individually. Region-Level SLA For Amazon EC2 with all running instances deployed concurrently across two or more AZs in the same region (or at least two regions if there is only one AZ in a given region), AWS will use commercially reasonable efforts to make Amazon EC2 available for each AWS region with a Monthly Uptime Percentage of at least 99.99%, in each case during any monthly billing cycle (the “Region-Level SLA”). In the event Amazon EC2 does not meet the Region-Level SLA, you will be eligible to receive a Service Credit as described below. ",0.82,,
product,product:s3,product.description,Documentation Amazon Simple Storage Service (S3) User Guide,Documentation Amazon Simple Storage Service (S3) User Guide,https://docs.aws.amazon.com/AmazonS3/latest/userguide/UsingKMSEncryption.html,international\aws\s3\aws_s3_encryption_kms\2026\07\20260721T172855Z_ca5a8785\raw.bin,html:text[7],Documentation Amazon Simple Storage Service (S3) User Guide,0.84,,
product,product:s3,product.official_name,Amazon Simple Storage Service (Amazon S3),Amazon Simple Storage Service (Amazon S3),https://docs.aws.amazon.com/AmazonS3/latest/userguide/UsingKMSEncryption.html,international\aws\s3\aws_s3_encryption_kms\2026\07\20260721T172855Z_ca5a8785\raw.bin,html:h1,Using server-side encryption with AWS KMS keys (SSE-KMS),0.9,,
service_tier,service_tier:s3_express_one_zone_express_onezone,object_storage.durability_percentage,99.999999999%,99.999999999,https://docs.aws.amazon.com/AmazonS3/latest/userguide/storage-class-intro.html,international\aws\s3\aws_s3_storage_classes\2026\07\20260721T172903Z_8fbc1626\raw.bin,html:table[0]:row[4],S3 Express One Zone ( EXPRESS_ONEZONE ) | Single-digit millisecond data access for latency-sensitive applications within a single AWS Availability Zone | 99.999999999% | 99.95% | 1 | None | None | S3 Express One Zone ( EXPRESS_ONEZONE ) objects are stored in a single AWS Availability Zone that you choose.,0.84,,
service_tier,service_tier:s3_express_one_zone_express_onezone,s3.storage_class.official_name,S3 Express One Zone ( EXPRESS_ONEZONE ),S3 Express One Zone ( EXPRESS_ONEZONE ),https://docs.aws.amazon.com/AmazonS3/latest/userguide/storage-class-intro.html,international\aws\s3\aws_s3_storage_classes\2026\07\20260721T172903Z_8fbc1626\raw.bin,html:table[0]:row[4],S3 Express One Zone ( EXPRESS_ONEZONE ) | Single-digit millisecond data access for latency-sensitive applications within a single AWS Availability Zone | 99.999999999% | 99.95% | 1 | None | None | S3 Express One Zone ( EXPRESS_ONEZONE ) objects are stored in a single AWS Availability Zone that you choose.,0.9,,
service_tier,service_tier:s3_glacier_deep_archive_deep_archive,object_storage.durability_percentage,99.999999999%,99.999999999,https://docs.aws.amazon.com/AmazonS3/latest/userguide/storage-class-intro.html,international\aws\s3\aws_s3_storage_classes\2026\07\20260721T172903Z_8fbc1626\raw.bin,html:table[0]:row[7],"S3 Glacier Deep Archive ( DEEP_ARCHIVE ) | Long-lived archive data accessed less than once a year with retrieval times of hours | 99.999999999% | 99.99% (after you restore objects) | >= 3 | 180 days | NA** | Per-GB retrieval fees apply. You must first restore archived objects before you can access them. For information, see Restoring an archived object .",0.84,,
service_tier,service_tier:s3_glacier_deep_archive_deep_archive,s3.storage_class.official_name,S3 Glacier Deep Archive ( DEEP_ARCHIVE ),S3 Glacier Deep Archive ( DEEP_ARCHIVE ),https://docs.aws.amazon.com/AmazonS3/latest/userguide/storage-class-intro.html,international\aws\s3\aws_s3_storage_classes\2026\07\20260721T172903Z_8fbc1626\raw.bin,html:table[0]:row[7],"S3 Glacier Deep Archive ( DEEP_ARCHIVE ) | Long-lived archive data accessed less than once a year with retrieval times of hours | 99.999999999% | 99.99% (after you restore objects) | >= 3 | 180 days | NA** | Per-GB retrieval fees apply. You must first restore archived objects before you can access them. For information, see Restoring an archived object .",0.9,,
service_tier,service_tier:s3_glacier_flexible_retrieval_glacier,object_storage.durability_percentage,99.999999999%,99.999999999,https://docs.aws.amazon.com/AmazonS3/latest/userguide/storage-class-intro.html,international\aws\s3\aws_s3_storage_classes\2026\07\20260721T172903Z_8fbc1626\raw.bin,html:table[0]:row[6],"S3 Glacier Flexible Retrieval ( GLACIER ) | Long-lived archive data accessed once a year with retrieval times of minutes to hours | 99.999999999% | 99.99% (after you restore objects) | >= 3 | 90 days | NA* | Per-GB retrieval fees apply. You must first restore archived objects before you can access them. For information, see Restoring an archived object .",0.84,,
service_tier,service_tier:s3_glacier_flexible_retrieval_glacier,s3.storage_class.official_name,S3 Glacier Flexible Retrieval ( GLACIER ),S3 Glacier Flexible Retrieval ( GLACIER ),https://docs.aws.amazon.com/AmazonS3/latest/userguide/storage-class-intro.html,international\aws\s3\aws_s3_storage_classes\2026\07\20260721T172903Z_8fbc1626\raw.bin,html:table[0]:row[6],"S3 Glacier Flexible Retrieval ( GLACIER ) | Long-lived archive data accessed once a year with retrieval times of minutes to hours | 99.999999999% | 99.99% (after you restore objects) | >= 3 | 90 days | NA* | Per-GB retrieval fees apply. You must first restore archived objects before you can access them. For information, see Restoring an archived object .",0.9,,
service_tier,service_tier:s3_glacier_instant_retrieval_glacier_ir,object_storage.durability_percentage,99.999999999%,99.999999999,https://docs.aws.amazon.com/AmazonS3/latest/userguide/storage-class-intro.html,international\aws\s3\aws_s3_storage_classes\2026\07\20260721T172903Z_8fbc1626\raw.bin,html:table[0]:row[5],"S3 Glacier Instant Retrieval ( GLACIER_IR ) | Long-lived, archive data accessed once a quarter with millisecond access | 99.999999999% | 99.9% | >= 3 | 90 days | 128 KB | Per-GB retrieval fees apply.",0.84,,
service_tier,service_tier:s3_glacier_instant_retrieval_glacier_ir,s3.storage_class.official_name,S3 Glacier Instant Retrieval ( GLACIER_IR ),S3 Glacier Instant Retrieval ( GLACIER_IR ),https://docs.aws.amazon.com/AmazonS3/latest/userguide/storage-class-intro.html,international\aws\s3\aws_s3_storage_classes\2026\07\20260721T172903Z_8fbc1626\raw.bin,html:table[0]:row[5],"S3 Glacier Instant Retrieval ( GLACIER_IR ) | Long-lived, archive data accessed once a quarter with millisecond access | 99.999999999% | 99.9% | >= 3 | 90 days | 128 KB | Per-GB retrieval fees apply.",0.9,,
service_tier,service_tier:s3_intelligent_tiering_intelligent_tiering,object_storage.durability_percentage,99.999999999%,99.999999999,https://docs.aws.amazon.com/AmazonS3/latest/userguide/storage-class-intro.html,international\aws\s3\aws_s3_storage_classes\2026\07\20260721T172903Z_8fbc1626\raw.bin,html:table[0]:row[2],"S3 Intelligent-Tiering ( INTELLIGENT_TIERING ) | Data with unknown, changing, or unpredictable access patterns | 99.999999999% | 99.9% | >= 3 | None | None | Monitoring and automation fees per object apply. No retrieval fees. Objects less than 128KB are not monitored and always stored in the Frequent Access tier. For more information, see How S3 Intelligent-Tiering works .",0.84,,
service_tier,service_tier:s3_intelligent_tiering_intelligent_tiering,s3.storage_class.official_name,S3 Intelligent-Tiering ( INTELLIGENT_TIERING ),S3 Intelligent-Tiering ( INTELLIGENT_TIERING ),https://docs.aws.amazon.com/AmazonS3/latest/userguide/storage-class-intro.html,international\aws\s3\aws_s3_storage_classes\2026\07\20260721T172903Z_8fbc1626\raw.bin,html:table[0]:row[2],"S3 Intelligent-Tiering ( INTELLIGENT_TIERING ) | Data with unknown, changing, or unpredictable access patterns | 99.999999999% | 99.9% | >= 3 | None | None | Monitoring and automation fees per object apply. No retrieval fees. Objects less than 128KB are not monitored and always stored in the Frequent Access tier. For more information, see How S3 Intelligent-Tiering works .",0.9,,
service_tier,service_tier:s3_one_zone_ia_onezone_ia,object_storage.durability_percentage,99.999999999%,99.999999999,https://docs.aws.amazon.com/AmazonS3/latest/userguide/storage-class-intro.html,international\aws\s3\aws_s3_storage_classes\2026\07\20260721T172903Z_8fbc1626\raw.bin,html:table[0]:row[3],"S3 One Zone-IA ( ONEZONE_IA ) | Recreatable, infrequently accessed data (once a month) with millisecond access | 99.999999999% | 99.5% | 1 | 30 days | 128 KB | Per-GB retrieval fees apply. Not resilient to the loss of the Availability Zone.",0.84,,
service_tier,service_tier:s3_one_zone_ia_onezone_ia,s3.storage_class.official_name,S3 One Zone-IA ( ONEZONE_IA ),S3 One Zone-IA ( ONEZONE_IA ),https://docs.aws.amazon.com/AmazonS3/latest/userguide/storage-class-intro.html,international\aws\s3\aws_s3_storage_classes\2026\07\20260721T172903Z_8fbc1626\raw.bin,html:table[0]:row[3],"S3 One Zone-IA ( ONEZONE_IA ) | Recreatable, infrequently accessed data (once a month) with millisecond access | 99.999999999% | 99.5% | 1 | 30 days | 128 KB | Per-GB retrieval fees apply. Not resilient to the loss of the Availability Zone.",0.9,,
service_tier,service_tier:s3_standard_ia_standard_ia,object_storage.durability_percentage,99.999999999%,99.999999999,https://docs.aws.amazon.com/AmazonS3/latest/userguide/storage-class-intro.html,international\aws\s3\aws_s3_storage_classes\2026\07\20260721T172903Z_8fbc1626\raw.bin,html:table[0]:row[1],"S3 Standard-IA ( STANDARD_IA ) | Long-lived, infrequently accessed data (once a month) with millisecond access | 99.999999999% | 99.9% | >= 3 | 30 days | 128 KB | Per-GB retrieval fees apply.",0.84,,
service_tier,service_tier:s3_standard_ia_standard_ia,s3.storage_class.official_name,S3 Standard-IA ( STANDARD_IA ),S3 Standard-IA ( STANDARD_IA ),https://docs.aws.amazon.com/AmazonS3/latest/userguide/storage-class-intro.html,international\aws\s3\aws_s3_storage_classes\2026\07\20260721T172903Z_8fbc1626\raw.bin,html:table[0]:row[1],"S3 Standard-IA ( STANDARD_IA ) | Long-lived, infrequently accessed data (once a month) with millisecond access | 99.999999999% | 99.9% | >= 3 | 30 days | 128 KB | Per-GB retrieval fees apply.",0.9,,
service_tier,service_tier:s3_standard_standard,object_storage.durability_percentage,99.999999999%,99.999999999,https://docs.aws.amazon.com/AmazonS3/latest/userguide/storage-class-intro.html,international\aws\s3\aws_s3_storage_classes\2026\07\20260721T172903Z_8fbc1626\raw.bin,html:table[0]:row[0],S3 Standard ( STANDARD ) | Frequently accessed data (more than once a month) with millisecond access | 99.999999999% | 99.99% | >= 3 | None | None | None,0.84,,
service_tier,service_tier:s3_standard_standard,s3.storage_class.official_name,S3 Standard ( STANDARD ),S3 Standard ( STANDARD ),https://docs.aws.amazon.com/AmazonS3/latest/userguide/storage-class-intro.html,international\aws\s3\aws_s3_storage_classes\2026\07\20260721T172903Z_8fbc1626\raw.bin,html:table[0]:row[0],S3 Standard ( STANDARD ) | Frequently accessed data (more than once a month) with millisecond access | 99.999999999% | 99.99% | >= 3 | None | None | None,0.9,,
availability,availability:af-south-1:product:s3,availability.status,available,available,https://docs.aws.amazon.com/general/latest/gr/s3.html,international\aws\s3\aws_s3_regions\2026\07\20260721T172900Z_b7a1de68\raw.bin,html:table[1]:row[4],Africa (Cape Town) | af-south-1 | s3tables.af-south-1.amazonaws.com | HTTPS,0.84,,
availability,availability:af-south-1:product:s3,availability.status,available,available,https://docs.aws.amazon.com/general/latest/gr/s3.html,international\aws\s3\aws_s3_regions\2026\07\20260721T172900Z_b7a1de68\raw.bin,html:table[3]:row[4],Africa (Cape Town) | af-south-1 | s3-control.af-south-1.amazonaws.com s3-control.dualstack.af-south-1.amazonaws.com | HTTPS HTTPS,0.84,,
availability,availability:af-south-1:product:s3,availability.status,available,available,https://docs.aws.amazon.com/general/latest/gr/s3.html,international\aws\s3\aws_s3_regions\2026\07\20260721T172900Z_b7a1de68\raw.bin,html:table[2]:row[4],Africa (Cape Town) | af-south-1 | s3-accesspoint.af-south-1.amazonaws.com s3-accesspoint.dualstack.af-south-1.amazonaws.com | HTTPS HTTPS,0.84,,
availability,availability:af-south-1:product:s3,availability.status,available,available,https://docs.aws.amazon.com/general/latest/gr/s3.html,international\aws\s3\aws_s3_regions\2026\07\20260721T172900Z_b7a1de68\raw.bin,html:table[4]:row[4],Africa (Cape Town) | af-south-1 | s3-website.af-south-1.amazonaws.com | HTTP | Z2OSFR5PIJ8TYW,0.84,,
availability,availability:af-south-1:product:s3,availability.status,available,available,https://docs.aws.amazon.com/general/latest/gr/s3.html,international\aws\s3\aws_s3_regions\2026\07\20260721T172900Z_b7a1de68\raw.bin,html:table[0]:row[4],Africa (Cape Town) | af-south-1 | s3.af-south-1.amazonaws.com s3.dualstack.af-south-1.amazonaws.com | HTTP and HTTPS HTTP and HTTPS | 4,0.84,,
availability,availability:af-south-1:product:s3,cloud.partition,aws,aws,https://docs.aws.amazon.com/general/latest/gr/s3.html,international\aws\s3\aws_s3_regions\2026\07\20260721T172900Z_b7a1de68\raw.bin,html:table[3]:row[4],Africa (Cape Town) | af-south-1 | s3-control.af-south-1.amazonaws.com s3-control.dualstack.af-south-1.amazonaws.com | HTTPS HTTPS,0.9,,
availability,availability:af-south-1:product:s3,cloud.partition,aws,aws,https://docs.aws.amazon.com/general/latest/gr/s3.html,international\aws\s3\aws_s3_regions\2026\07\20260721T172900Z_b7a1de68\raw.bin,html:table[0]:row[4],Africa (Cape Town) | af-south-1 | s3.af-south-1.amazonaws.com s3.dualstack.af-south-1.amazonaws.com | HTTP and HTTPS HTTP and HTTPS | 4,0.9,,
availability,availability:af-south-1:product:s3,cloud.partition,aws,aws,https://docs.aws.amazon.com/general/latest/gr/s3.html,international\aws\s3\aws_s3_regions\2026\07\20260721T172900Z_b7a1de68\raw.bin,html:table[2]:row[4],Africa (Cape Town) | af-south-1 | s3-accesspoint.af-south-1.amazonaws.com s3-accesspoint.dualstack.af-south-1.amazonaws.com | HTTPS HTTPS,0.9,,
availability,availability:af-south-1:product:s3,cloud.partition,aws,aws,https://docs.aws.amazon.com/general/latest/gr/s3.html,international\aws\s3\aws_s3_regions\2026\07\20260721T172900Z_b7a1de68\raw.bin,html:table[4]:row[4],Africa (Cape Town) | af-south-1 | s3-website.af-south-1.amazonaws.com | HTTP | Z2OSFR5PIJ8TYW,0.9,,
availability,availability:af-south-1:product:s3,cloud.partition,aws,aws,https://docs.aws.amazon.com/general/latest/gr/s3.html,international\aws\s3\aws_s3_regions\2026\07\20260721T172900Z_b7a1de68\raw.bin,html:table[1]:row[4],Africa (Cape Town) | af-south-1 | s3tables.af-south-1.amazonaws.com | HTTPS,0.9,,
availability,availability:af-south-1:product:s3,region.code,af-south-1,af-south-1,https://docs.aws.amazon.com/general/latest/gr/s3.html,international\aws\s3\aws_s3_regions\2026\07\20260721T172900Z_b7a1de68\raw.bin,html:table[2]:row[4],Africa (Cape Town) | af-south-1 | s3-accesspoint.af-south-1.amazonaws.com s3-accesspoint.dualstack.af-south-1.amazonaws.com | HTTPS HTTPS,0.92,,
availability,availability:af-south-1:product:s3,region.code,af-south-1,af-south-1,https://docs.aws.amazon.com/general/latest/gr/s3.html,international\aws\s3\aws_s3_regions\2026\07\20260721T172900Z_b7a1de68\raw.bin,html:table[3]:row[4],Africa (Cape Town) | af-south-1 | s3-control.af-south-1.amazonaws.com s3-control.dualstack.af-south-1.amazonaws.com | HTTPS HTTPS,0.92,,
availability,availability:af-south-1:product:s3,region.code,af-south-1,af-south-1,https://docs.aws.amazon.com/general/latest/gr/s3.html,international\aws\s3\aws_s3_regions\2026\07\20260721T172900Z_b7a1de68\raw.bin,html:table[4]:row[4],Africa (Cape Town) | af-south-1 | s3-website.af-south-1.amazonaws.com | HTTP | Z2OSFR5PIJ8TYW,0.92,,
availability,availability:af-south-1:product:s3,region.code,af-south-1,af-south-1,https://docs.aws.amazon.com/general/latest/gr/s3.html,international\aws\s3\aws_s3_regions\2026\07\20260721T172900Z_b7a1de68\raw.bin,html:table[1]:row[4],Africa (Cape Town) | af-south-1 | s3tables.af-south-1.amazonaws.com | HTTPS,0.92,,
availability,availability:af-south-1:product:s3,region.code,af-south-1,af-south-1,https://docs.aws.amazon.com/general/latest/gr/s3.html,international\aws\s3\aws_s3_regions\2026\07\20260721T172900Z_b7a1de68\raw.bin,html:table[0]:row[4],Africa (Cape Town) | af-south-1 | s3.af-south-1.amazonaws.com s3.dualstack.af-south-1.amazonaws.com | HTTP and HTTPS HTTP and HTTPS | 4,0.92,,
availability,availability:af-south-1:product:s3,region.name,Africa (Cape Town),Africa (Cape Town),https://docs.aws.amazon.com/general/latest/gr/s3.html,international\aws\s3\aws_s3_regions\2026\07\20260721T172900Z_b7a1de68\raw.bin,html:table[2]:row[4],Africa (Cape Town) | af-south-1 | s3-accesspoint.af-south-1.amazonaws.com s3-accesspoint.dualstack.af-south-1.amazonaws.com | HTTPS HTTPS,0.9,,
availability,availability:af-south-1:product:s3,region.name,Africa (Cape Town),Africa (Cape Town),https://docs.aws.amazon.com/general/latest/gr/s3.html,international\aws\s3\aws_s3_regions\2026\07\20260721T172900Z_b7a1de68\raw.bin,html:table[3]:row[4],Africa (Cape Town) | af-south-1 | s3-control.af-south-1.amazonaws.com s3-control.dualstack.af-south-1.amazonaws.com | HTTPS HTTPS,0.9,,
availability,availability:af-south-1:product:s3,region.name,Africa (Cape Town),Africa (Cape Town),https://docs.aws.amazon.com/general/latest/gr/s3.html,international\aws\s3\aws_s3_regions\2026\07\20260721T172900Z_b7a1de68\raw.bin,html:table[0]:row[4],Africa (Cape Town) | af-south-1 | s3.af-south-1.amazonaws.com s3.dualstack.af-south-1.amazonaws.com | HTTP and HTTPS HTTP and HTTPS | 4,0.9,,
availability,availability:af-south-1:product:s3,region.name,Africa (Cape Town),Africa (Cape Town),https://docs.aws.amazon.com/general/latest/gr/s3.html,international\aws\s3\aws_s3_regions\2026\07\20260721T172900Z_b7a1de68\raw.bin,html:table[4]:row[4],Africa (Cape Town) | af-south-1 | s3-website.af-south-1.amazonaws.com | HTTP | Z2OSFR5PIJ8TYW,0.9,,
availability,availability:af-south-1:product:s3,region.name,Africa (Cape Town),Africa (Cape Town),https://docs.aws.amazon.com/general/latest/gr/s3.html,international\aws\s3\aws_s3_regions\2026\07\20260721T172900Z_b7a1de68\raw.bin,html:table[1]:row[4],Africa (Cape Town) | af-south-1 | s3tables.af-south-1.amazonaws.com | HTTPS,0.9,,
product_sla,product_sla:s3_service_commitment,sla.availability_percentage,99.9%,99.9,https://aws.amazon.com/s3/sla/,international\aws\s3\aws_s3_sla\2026\07\20260721T172902Z_63a56ea8\raw.bin,html:text:s3:sla,"Deep Archive, and all other requests not specified below: Monthly Uptime Percentage Service Credit Percentage Less than 99.9% but greater than or equal to 99.0% 10% Less than 99.0% but greater than or equal to 95.0% 25% Less than 95.0% 100% For requests to S3 Intelligent-Tiering, S3 Standard-Infrequent Access, S3 One Zone-Infrequent Access, and S3 Glacier Instant Retrieval: Monthly Uptime Percentage Service Credit Percentage Less than 99.0% but greater than or equal to 98.0% 10% Less than 98.0% but greater than or equal to 95.0% 25% Less than 95.0% 100% We will apply any Service Credits only against future payments otherwise due from you for Amazon S3. At our discretion, we may issue the Ser",0.76,,
product_specification,product:s3,object_storage.customer_managed_key_supported,supported,True,https://docs.aws.amazon.com/AmazonS3/latest/userguide/UsingKMSEncryption.html,international\aws\s3\aws_s3_encryption_kms\2026\07\20260721T172855Z_ca5a8785\raw.bin,html:text[8],AWS KMS keys Amazon S3 Bucket Keys Requiring server-side encryption Encryption context Sending requests for AWS KMS encrypted objects,0.8,,
product_specification,product:s3,object_storage.server_side_encryption_supported,supported,True,https://docs.aws.amazon.com/AmazonS3/latest/userguide/UsingKMSEncryption.html,international\aws\s3\aws_s3_encryption_kms\2026\07\20260721T172855Z_ca5a8785\raw.bin,html:text[8],AWS KMS keys Amazon S3 Bucket Keys Requiring server-side encryption Encryption context Sending requests for AWS KMS encrypted objects,0.82,,
product_specification,product:s3,object_storage.event_notification_supported,supported,True,https://docs.aws.amazon.com/AmazonS3/latest/userguide/EventNotifications.html,international\aws\s3\aws_s3_event_notifications\2026\07\20260721T172857Z_80d432ad\raw.bin,html:text[12],"You can use the Amazon S3 Event Notifications feature to receive notifications when certain events happen in your S3 bucket. To enable notifications, add a notification configuration that identifies the events that you want Amazon S3 to publish. Make sure that it also identifies the destinations where you want Amazon S3 to send the notifications. You store this configuration in the notification subresource that's associated with a bucket. For more information, see General purpose buckets configuration options . Amazon S3 provides an API for you to manage this subresource.",0.82,,
product_specification,product:s3,object_storage.lifecycle_management_supported,supported,True,https://docs.aws.amazon.com/AmazonS3/latest/userguide/object-lifecycle-mgmt.html,international\aws\s3\aws_s3_lifecycle\2026\07\20260721T172857Z_a2b47f7e\raw.bin,html:text[8],Managing the complete lifecycle of objects,0.82,,
product_specification,product:s3,object_storage.multipart_upload_supported,supported,True,https://docs.aws.amazon.com/AmazonS3/latest/userguide/mpuoverview.html,international\aws\s3\aws_s3_multipart_upload\2026\07\20260721T172858Z_b2e2e6f8\raw.bin,html:text[8],Multipart upload process Checksums with multipart upload operations Concurrent multipart upload operations Prevent uploading objects with identical key names during multipart upload Multipart upload and pricing API support for multipart upload AWS Command Line Interface support for multipart upload AWS SDK support for multipart upload Multipart upload API and permissions Checksums with multipart upload operations,0.82,,
product_specification,product:s3,object_storage.object_lock_supported,supported,True,https://docs.aws.amazon.com/AmazonS3/latest/userguide/object-lock.html,international\aws\s3\aws_s3_object_lock\2026\07\20260721T172859Z_c3c3f74e\raw.bin,html:text[8],How S3 Object Lock works,0.82,,
product_specification,product:s3,object_storage.cross_region_replication_supported,supported,True,https://docs.aws.amazon.com/AmazonS3/latest/userguide/replication.html,international\aws\s3\aws_s3_replication\2026\07\20260721T172901Z_c8c51801\raw.bin,html:text[8],Why use replication? When to use Cross-Region Replication When to use Same-Region Replication When to use two-way replication (bi-directional replication) When to use S3 Batch Replication Workload requirements and live replication,0.82,,
product_specification,product:s3,object_storage.static_website_hosting_supported,supported,True,https://docs.aws.amazon.com/AmazonS3/latest/userguide/EnableWebsiteHosting.html,international\aws\s3\aws_s3_static_website\2026\07\20260721T172902Z_6c71b9da\raw.bin,html:text[11],"When you configure a bucket as a static website, you must enable static website hosting, configure an index document, and set permissions.",0.82,,
product_specification,product:s3,object_storage.versioning_supported,supported,True,https://docs.aws.amazon.com/AmazonS3/latest/userguide/Versioning.html,international\aws\s3\aws_s3_versioning\2026\07\20260721T172904Z_0eef1182\raw.bin,html:text[8],"Unversioned, versioning-enabled, and versioning-suspended buckets Using S3 Versioning with S3 Lifecycle",0.82,,
